StartDate,EndDate,Status,IPAddress,Progress,Duration (in seconds),Finished,RecordedDate,ResponseId,RecipientLastName,RecipientFirstName,RecipientEmail,ExternalReference,LocationLatitude,LocationLongitude,DistributionChannel,UserLanguage,Q112,Q72,Q92_1,Q96_1,Q1724,Q1725,Q1726_1,Q1726_2,Q1726_3,Q1726_4,Q1726_5,Q1726_6,Q1727,Q1728,Q1729,Q1730,Q1757,Q1758,Q1759_1,Q1759_2,Q1759_3,Q1759_4,Q1759_5,Q1759_6,Q1760,Q1761,Q1762,Q1763,Q1787,Q1788,Q1789_1,Q1789_2,Q1789_3,Q1789_4,Q1789_5,Q1789_6,Q1790,Q1791,Q1792,Q1793,Q1817,Q1818,Q1819_1,Q1819_2,Q1819_3,Q1819_4,Q1819_5,Q1819_6,Q1820,Q1821,Q1822,Q1823,Q1861,Q1862,Q867,Q1734,Q1735,Q1736_1,Q1736_2,Q1736_3,Q1736_4,Q1736_5,Q1736_6,Q1737,Q1738,Q1739,Q1740,Q1767,Q1768,Q1769_1,Q1769_2,Q1769_3,Q1769_4,Q1769_5,Q1769_6,Q1770,Q1771,Q1772,Q1773,Q1797,Q1798,Q1799_1,Q1799_2,Q1799_3,Q1799_4,Q1799_5,Q1799_6,Q1800,Q1801,Q1802,Q1803,Q1827,Q1828,Q1829_1,Q1829_2,Q1829_3,Q1829_4,Q1829_5,Q1829_6,Q1830,Q1831,Q1832,Q1833,Q1744,Q1745,Q1746_1,Q1746_2,Q1746_3,Q1746_4,Q1746_5,Q1746_6,Q1747,Q1748,Q1749,Q1750,Q1777,Q1778,Q1779_1,Q1779_2,Q1779_3,Q1779_4,Q1779_5,Q1779_6,Q1780,Q1781,Q1782,Q1783,Q1807,Q1808,Q1809_1,Q1809_2,Q1809_3,Q1809_4,Q1809_5,Q1809_6,Q1810,Q1811,Q1812,Q1813,Q1837,Q1838,Q1839_1,Q1839_2,Q1839_3,Q1839_4,Q1839_5,Q1839_6,Q1840,Q1841,Q1842,Q1843,Q1684,Q1685,Q1686_1,Q1686_2,Q1686_3,Q1686_4,Q1686_5,Q1686_6,Q1687,Q1688,Q1689,Q1690,Q1694,Q1695,Q1696_1,Q1696_2,Q1696_3,Q1696_4,Q1696_5,Q1696_6,Q1697,Q1698,Q1699,Q1700,Q1704,Q1705,Q1706_1,Q1706_2,Q1706_3,Q1706_4,Q1706_5,Q1706_6,Q1707,Q1708,Q1709,Q1710,Q1714,Q1715,Q1716_1,Q1716_2,Q1716_3,Q1716_4,Q1716_5,Q1716_6,Q1717,Q1718,Q1719,Q1720,Q98,Q1644,Q1645,Q1646_1,Q1646_2,Q1646_3,Q1646_4,Q1646_5,Q1646_6,Q1647,Q1648,Q1649,Q1650,Q1654,Q1655,Q1656_1,Q1656_2,Q1656_3,Q1656_4,Q1656_5,Q1656_6,Q1657,Q1658,Q1659,Q1660,Q1664,Q1665,Q1666_1,Q1666_2,Q1666_3,Q1666_4,Q1666_5,Q1666_6,Q1667,Q1668,Q1669,Q1670,Q1674,Q1675,Q1676_1,Q1676_2,Q1676_3,Q1676_4,Q1676_5,Q1676_6,Q1677,Q1678,Q1679,Q1680,Q69,Q67,Q64,Q69 2,Q73,type,task,Enter Embedded Data Field Name Here...
7/21/17 9:33,7/21/17 9:35,0,71.231.78.129,100,91,1,7/21/17 9:35,R_24hIN8eWxbjDWZ3,,,,,47.78819275,-122.3087006,anonymous,EN,A1N4P4XGQM7NXE,"1,2",3,6,,,,,,,,,,,,,,,,,,,,,,,,,,,,,,,,,,,,,,,,,,,,,,,,,,,computer programs,,,,,,,,,,,,,,,,,,,,,,,,,,,,,,,,,,,,,,,,,,,,,,,,,,,,,,,,,,,,,,,,,,,,,,,,,,,,,,,,,,,,,,,,,,,,,,,,,,,,,,,,,,,,,4,nothing in life is fair,4,4,4,4,4,4,i dont know chris,1,its a computer i dont trust it,1,,,,,,,,,,,,,,,,,,,,,,,,,1,,,,,,,,,,,,,,,,,,,,,,,,,,,,,,,,,,,,,,,,,,,,,,,,,2,27,2,5,1,1,2,
7/21/17 9:34,7/21/17 9:36,0,76.14.255.89,100,72,1,7/21/17 9:36,R_1mmiO243HPdavxi,,,,,45.00509644,-122.7832031,anonymous,EN,A18T7E73TNGOKP,"1,2",3,6,,,,,,,,,,,,,,,,,,,,,,,,,,,,,,,,,,,,,,,,,,,,,,,,,,,computer using data to make answers,,,,,,,,,,,,,,,,,,,,,,,,,,,,,,,,,,,,,,,,,,,,,,,,,,,,,,,,,,,,,,,,,,,,,,,,,,,,,,,,,,,,,,,,,,,,,,,,,,,,,,,,,,,,,,,,,,,,,,,,,,,,,,,,,,,,,4,it just makes senes 2 me,4,4,5,4,3,5,i feel that way,4,i oculd trust it a little,1,1,,,,,,,,,,,,,,,,,,,,,,,,,,,,,,,,,,,,,,,,,,,,,,,,,2,32,2,3,1,1,4,
7/21/17 9:35,7/21/17 9:36,0,99.60.232.78,100,55,1,7/21/17 9:36,R_1NqSDpY0IaH6Xei,,,,,38.70120239,-90.36699677,anonymous,EN,A37KREDYGDTP4U,"1,2",3,6,,,,,,,,,,,,,4,No opinion,2,2,3,2,3,2,NA,4,NA,1,,,,,,,,,,,,,,,,,,,,,,,,,3,I am not sure,NA,,,,,,,,,,,,,,,,,,,,,,,,,,,,,,,,,,,,,,,,,,,,,,,,,,,,,,,,,,,,,,,,,,,,,,,,,,,,,,,,,,,,,,,,,,,,,,,,,,,,,,,,,,,,,,,,,,,,,,,,,,,,,,,,,,,,,,,,,,,,,,,,,,,,,,,,,,,,,,,,,,,,,,,,,,,,,,,,,,,,,,,,,,,,,,,,,,1,25,2,2,1,2,2,
7/21/17 9:33,7/21/17 9:36,0,107.77.233.172,100,148,1,7/21/17 9:36,R_2t5av5oGbugkr1s,,,,,33.74899292,-84.38800049,anonymous,EN,A2Z750U1HCWVEE,"1,2",3,6,,,,,,,,,,,,,,,,,,,,,,,,,,,,,,,,,,,,,,,,,,,,,,,,,,,,,,,,,,,,,,,,,,,,,,,,,,,,,,,,,,,,,,,,,,,,,,,,,,,,,,,,,,,,,,,,,,,,,,,,,,,,,,,,,,,,,,,,,,,,,,,,,,,,,,,,,,,,,,,,,,,,,,,,,,,,,,,,,,,,,,,,,,,,,,,,,,,,5,,,,,,,,,,,,,,,,,,,,,,,,,,,,,,,,,,,,,6,An assessment is an expected and reasonable part of the work process.,3,3,4,5,4,5,It's not exciting being evaluated because it introduces risk to one's job.,4,"I don't know this person, but I trust most people somewhat.",1,3,32,2,5,1,5,4,
7/21/17 9:33,7/21/17 9:36,0,24.113.54.27,100,168,1,7/21/17 9:36,R_3kdIca69q065NSC,,,,,47.54589844,-122.5888977,anonymous,EN,A35P8YSNTQ7OTP,"1,2",3,6,,,,,,,,,,,,,,,,,,,,,,,,,,,,,,,,,,,,,,,,,,,,,,,,,,,,,,,,,,,,,,,,,,,,,,,,,,,,,,,,,,,,,,,,,,,,,,,,,,,,,,,,,,,,,,,,,,,,,,,,,,,,,,,,,,,,,,,,,,,,,,,,,,,,,,,,,,,,,,,,,,,,,,,,,,,,,,,,,,,,,,,,,,,,,,,,,,,,5,,,,,,,,,,,,,,,,,,,,,,,,,,,,,,,,,,,,,4,i have no idea what the manager is evaluating. wtf is tone of thier calls telling him.,1,1,1,1,1,7,cuz chris doesnt know wtf the manager is doing either,1,far as i can tell may as well call my evaltuion voodoo,1,3,45,2,5,7,5,4,
7/21/17 9:33,7/21/17 9:36,0,173.28.76.172,100,175,1,7/21/17 9:36,R_V53LksMgW6diZTb,,,,,38.56080627,-75.33509827,anonymous,EN,A2XKVB8BRQBL73,"1,2",3,6,,,,,,,,,,,,,,,,,,,,,,,,,,,,,,,,,,,,,,,,,,,,,,,,,,,,,,,,,,,,,,,,,,,,,,,,,,,,,,,,,,,,,,,,,,,,,,,,,,,,,,,,,,,,,,,,,,,,,,,,,,,,,,,,,,,,,,,,,,,,,,,,,,,,,,,,,,,,,,,,,,,,,,,,,,,,,,,,,,,,,,,,,,,,,,,,,,,,5,,,,,,,,,,,,,4,The manager is scheduling based upon the worker's ability,4,4,4,4,4,4,I don't know Chris so I don't know how he would feel. ,5,I don't know what data points he is using to make the decision. ,1,,,,,,,,,,,,,,,,,,,,,,,,,1,38,1,4,1,5,2,
7/21/17 9:33,7/21/17 9:37,0,185.6.107.58,100,228,1,7/21/17 9:37,R_vuhgVIDss9TKFbz,,,,,44.0572052,17.45080566,anonymous,EN,ATNCWXU09OPI0,"1,2",3,6,,,,,,,,,,,,,,,,,,,,,,,,,,,,,,,,,,,,,,,,,,,,,,,,,,,,,,,,,,,,,,,,,,,,,,,,,,,,,,,,,,,,,,,,,,,,,,,,,,,,,,,,,,,,,,,,,,,,,,,,,,,,,,,,,,,,,,,,,,,,,,,,,,,,,,,,,,,,,,,,,,,,,,,,,,,,,,,,,,,,,,,,,,,,,,,,,,,,5,,,,,,,,,,,,,7,The manager has the power to schedule Chris when he needs him. The manager checked the availability of employees.,5,5,4,1,1,1,I feel like most people like working in the mornings the most.,6,If he took into consideration the employess schedules and availability then he should be trusted. ,1,,,,,,,,,,,,,,,,,,,,,,,,,1,25,2,3,1,5,2,
7/21/17 9:34,7/21/17 9:37,0,73.176.66.160,100,210,1,7/21/17 9:37,R_2A0RPCtktgWbjZx,,,,,40.47340393,-88.99150085,anonymous,EN,A39SX1QZR36L7A,"1,2",3,6,,,,,,,,,,,,,,,,,,,,,,,,,,,,,,,,,,,,,,,,,,,,,,,,,3,the manager gave the algorithm the power to decide the scheduled hours,some type of demand or program for computers to read,,,,,,,,,,,,,,,,,,,,,,,,,,,,,,,,,,,,,,,,,,,,,,,,,,,,,,,,,,,,,6,"it gives everyone equal hours, not favored ",6,7,7,2,2,1,he gets good hours,6,they can set it to be equal ,1,,,,,,,,,,,,,,,,,,,,,,,,,,,,,,,,,,,,,,,,,,,,,,,,,,,,,,,,,,,,,,,,,,,,,,,,,,,,,,,,,,,,,,,,,,,,,,,,,,,,,,,,,,,,,,,,,,,,,,,,,,2,23,1,3,1,4,2,
7/21/17 9:33,7/21/17 9:37,0,199.0.194.104,100,227,1,7/21/17 9:37,R_21AQ7g02XuHB9eL,,,,,39.49380493,-97.61190033,anonymous,EN,A2OIGST8UL7HJP,"1,2",3,6,,,,,,,,,,,,,,,,,,,,,,,,,,,,,,,,,,,,,,,,,,,,,,,,,3,"The manager uses the algorithm, which bases scheduling on availability and business of the coffee shop.",Data-driven analyses that then give solutions.,,,,,,,,,,,,,6,There are no biases to algorithm.  It is when he is available and needed the most.,5,4,4,1,2,2,I would think that Chris was just happy to have a job and didn't really have much of problem either way.,6,It is a sound logic for his algorithm.  ,1,,,,,,,,,,,,,,,,,,,,,,,,,,,,,,,,,,,,,,,,,,,,,,,,,,,,,,,,,,,,,,,,,,,,,,,,,,,,,,,,,,,,,,,,,,,,,,,,,,,,,,,,,,,,,,,,,,,,,,,,,,,,,,,,,,,,,,,,,,,,,,,,,,,,,,,,,,,,,,,,,,,,,,,,,,1,37,2,5,1,3,2,
7/21/17 9:34,7/21/17 9:37,0,71.163.65.147,100,216,1,7/21/17 9:37,R_b30FjevCnJceT4d,,,,,39.08979797,-77.06109619,anonymous,EN,A3HOZA7QXYKN5Y,"1,2",3,6,,,,,,,,,,,,,,,,,,,,,,,,,,,,,,,,,,,,,,,,,,,,,,,,,1,"the manager is in person, the algorithm uses data. ",analyzes data. ,,,,,,,,,,,,,,,,,,,,,,,,,,,,,,,,,,,,,,,,,,,,,,,,,,,,,,,,,,,,,,,,,,,,,,,,,5,an algorithm can't capture the soul and character of a person completely. ,5,3,5,5,4,3,i think he has mixed feelings. ,4,an algorithm is useful but not 100 percent accurate. ,1,,,,,,,,,,,,,,,,,,,,,,,,,,,,,,,,,,,,,,,,,,,,,,,,,,,,,,,,,,,,,,,,,,,,,,,,,,,,,,,,,,,,,,,,,,,,,,,,,,,,,,,,,,,,,,2,22,1,5,1,4,3,
7/21/17 9:33,7/21/17 9:38,0,128.148.152.172,100,247,1,7/21/17 9:38,R_29uB4mhxRU2S79M,,,,,41.82670593,-71.39769745,anonymous,EN,A263Y9ZPYSSTB9,"1,2",3,6,,,,,,,,,,,,,,,,,,,,,,,,,,,,,,,,,,,,,,,,,,,,,,,,,,,mathematical program,,,,,,,,,,,,,,,,,,,,,,,,,,,,,,,,,,,,,,,,,,,,,,,,,,,,,,,,,,,,,,,,,,,,,,,,,,,,,,,,,,,,,,,,,,,,,,,,,,,,,,,,,,,,,,,,,,,,,,,,,,,,,,,,,,,,,5,AI can detect human tone changes in details ,3,3,3,4,4,4,It decreases the bias towards him. He could make good friend with a person who would evaluate him but he wouldn't be able to persuade the algorithm externally,5,AI can detect small changes,1,1,,,,,,,,,,,,,,,,,,,,,,,,,,,,,,,,,,,,,,,,,,,,,,,,,2,25,1,5,4,1,4,
7/21/17 9:33,7/21/17 9:38,0,70.118.253.180,100,249,1,7/21/17 9:38,R_2s0UDaDT3orjmXr,,,,,39.01989746,-94.4641037,anonymous,EN,ALKGANT1CYTZ1,"1,2",3,6,,,,,,,,,,,,,,,,,,,,,,,,,,,,,,,,,,,,,,,,,,,,,,,,,,,Algorithms are basic math that assigns value.,,,,,,,,,,,,,,,,,,,,,,,,,,,,,,,,,,,,,,,,,,,,,,,,,,,,,,,,,,,,,,,,,,,,,,,,,,,,,,,,,,,,,,,,,,,,,,,,,,,,,,,,,,,,,6,"There is no human involvement, therefore there is no room for bias.",4,4,4,3,3,3,I do not see why he would be angry with something that is objective.,6,I would trust an algorithm more than a person to decide my schedule.,1,,,,,,,,,,,,,,,,,,,,,,,,,1,,,,,,,,,,,,,,,,,,,,,,,,,,,,,,,,,,,,,,,,,,,,,,,,,2,26,1,5,1,1,2,
7/21/17 9:34,7/21/17 9:38,0,67.207.12.1,100,234,1,7/21/17 9:38,R_1kY6in8hFyKRKyv,,,,,25.97599792,-97.54199982,anonymous,EN,A2DP3JH66Q96BR,"1,2",3,6,,,,,,,,,,,,,,,,,,,,,,,,,,,,,,,,,,,,,,,,,,,,,,,,,,,,,,,,,,,,,,,,,,,,,,,,,,,,,,,,,,,,,,,,,,,,,,,,,,,,,,,,,,,,,,,,,,,,,,,,,,,,,,,,,,,,,,,,,,,,,,,,,,,,,,,,,,,,,,,,,,,,,,,,,,,,,,,,,,,,,,,,,,,,,,,,,,,,5,,,,,,,,,,,,,,,,,,,,,,,,,6,The fact that he takes the time to read the resumes and picks the top candidates is a fair thing to everyone. ,6,5,6,3,2,3,He should be happy that the manages is being fair; he has a good chance. ,6,He is making a fair selection. ,1,,,,,,,,,,,,,2,24,1,5,3,5,3,
7/21/17 9:33,7/21/17 9:38,0,24.198.205.208,100,277,1,7/21/17 9:38,R_2Pi2M0kEpZ3x1FG,,,,,44.08450317,-70.16960144,anonymous,EN,A2H41RJTXE9I90,"1,2",3,6,,,,,,,,,,,,,,,,,,,,,,,,,7,It was based on an algorithm so there's no human error or bias,6,5,4,1,1,2,He should feel good know he is one of the top,6,The algorithm is doing most of the work so there's little room for error,1,,,,,,,,,,,,,3,The manager selected the top candidates from those the algorithm determined,A set of computer rules that can determine things,,,,,,,,,,,,,,,,,,,,,,,,,,,,,,,,,,,,,,,,,,,,,,,,,,,,,,,,,,,,,,,,,,,,,,,,,,,,,,,,,,,,,,,,,,,,,,,,,,,,,,,,,,,,,,,,,,,,,,,,,,,,,,,,,,,,,,,,,,,,,,,,,,,,,,,,,,,,,,,,,,,,,,,,,,,,,,,,,,,,,,,,,,,,,,,,,,3,31,2,4,1,2,3,
7/21/17 9:33,7/21/17 9:38,0,184.46.86.96,100,264,1,7/21/17 9:38,R_A67dOCTg4L4Bs2J,,,,,30.82809448,-91.44860077,anonymous,EN,A3NREOM41QKSID,"1,2",3,6,6,The algorithm is objective and as fair as fair can get.,4,4,5,2,2,1,"He was chosen based on statistics... nothing else, so he shouldn't feel bad about doing it",5,I believe that he would read the algorithm's results and assign people accordingly,1,,,,,,,,,,,,,,,,,,,,,,,,,,,,,,,,,,,,,3,The manager made decisions based on the information that he was given by the algorithm's results.,Statistical measures that help explain certain instances,,,,,,,,,,,,,,,,,,,,,,,,,,,,,,,,,,,,,,,,,,,,,,,,,,,,,,,,,,,,,,,,,,,,,,,,,,,,,,,,,,,,,,,,,,,,,,,,,,,,,,,,,,,,,,,,,,,,,,,,,,,,,,,,,,,,,,,,,,,,,,,,,,,,,,,,,,,,,,,,,,,,,,,,,,,,,,,,,,,,,,,,,,,,,,,,,,2,22,1,5,2,2,1,
7/21/17 9:34,7/21/17 9:38,0,66.243.246.181,100,254,1,7/21/17 9:38,R_1hYKzGn7wpHbpWU,,,,,46.97900391,-120.4702988,anonymous,EN,A18U96VTGHOXKM,"1,2",3,6,,,,,,,,,,,,,,,,,,,,,,,,,,,,,,,,,,,,,,,,,,,,,,,,,3,The manager looks at the algorithm and assigns tasks to the maintenance worker. ,"Basically, computer programs that are designed to perform a specific task. ",6,"It isn't his job to monitor the maintenance needed, but he performs the maintenance.",3,2,3,3,3,3,I think he would mostly feel neutral. It is his job to check the machines.,6,"It is programmed to analyze things, and it will likely do it well. ",1,,,,,,,,,,,,,,,,,,,,,,,,,,,,,,,,,,,,,,,,,,,,,,,,,,,,,,,,,,,,,,,,,,,,,,,,,,,,,,,,,,,,,,,,,,,,,,,,,,,,,,,,,,,,,,,,,,,,,,,,,,,,,,,,,,,,,,,,,,,,,,,,,,,,,,,,,,,,,,,,,,,,,,,,,,,,,,,,,,,,,,1,29,1,6,1,3,1,
7/21/17 9:34,7/21/17 9:38,0,67.245.217.252,100,248,1,7/21/17 9:38,R_vU1sw3klWLZi2op,,,,,41.74890137,-74.44670105,anonymous,EN,A29A2MQMPJW1O9,"1,2",3,6,,,,,,,,,,,,,,,,,,,,,,,,,,,,,,,,,,,,,,,,,,,,,,,,,1,The algorithm makes the final decision,A computer system to generate the best candidates,,,,,,,,,,,,,,,,,,,,,,,,,5,I seems like a fair method to pick a person,5,5,5,2,5,5,Chris would feel fairly treated on the decision,6,The system seems to work well and is fair to all candidates,1,,,,,,,,,,,,,,,,,,,,,,,,,,,,,,,,,,,,,,,,,,,,,,,,,,,,,,,,,,,,,,,,,,,,,,,,,,,,,,,,,,,,,,,,,,,,,,,,,,,,,,,,,,,,,,,,,,,,,,,,,,,,,,,,,,,,,,,,,,,,,,,,,,,,,,,,,,,,,,2,39,1,4,1,3,3,
7/21/17 9:34,7/21/17 9:38,0,108.239.174.118,100,262,1,7/21/17 9:38,R_XRje1YaIpteYoKJ,,,,,41.49729919,-81.4713974,anonymous,EN,A1I8DXIL52SU0,"1,2",3,6,,,,,,,,,,,,,,,,,,,,,,,,,,,,,,,,,,,,,,,,,,,,,,,,,,,computer models that combine statistics and data to make a decision,,,,,,,,,,,,,,,,,,,,,,,,,,,,,,,,,,,,,,,,,,,,,,,,,,,,,,,,,,,,,,,,,,,,,,,,,,,,,,,,,,,,,,,,,,,,,,,,,,,,,,,,,,,,,,,,,,,,,,,,,,,,,,,,,,,,,3,computers can't account for a persons tone of voice,2,2,4,5,6,6,Chris would be frustrated because a computer is judging his performance concerning human interaction,2,"again, computers cannot judge the nuances of human emotion",1,1,,,,,,,,,,,,,,,,,,,,,,,,,,,,,,,,,,,,,,,,,,,,,,,,,1,34,1,5,4,1,4,
7/21/17 9:33,7/21/17 9:38,0,107.77.213.159,100,305,1,7/21/17 9:38,R_24rpmEAm58KcvNT,,,,,37.77349854,-122.278801,anonymous,EN,A1E42RM70ETAU,"1,2",3,6,,,,,,,,,,,,,,,,,,,,,,,,,,,,,,,,,,,,,,,,,,,,,,,,,3,The algorithm assigns tasks. The manager monitors and adjusts the algorithm.,It is a predetermined set of actions to be performed.,5,The manager is able to manipulate the algorithm so it is not entirely fair to Chris.,5,5,6,2,3,4,Chris is happy to do his job.,5,I don't know if Chris' manager is good at his job or fair.,1,,,,,,,,,,,,,,,,,,,,,,,,,,,,,,,,,,,,,,,,,,,,,,,,,,,,,,,,,,,,,,,,,,,,,,,,,,,,,,,,,,,,,,,,,,,,,,,,,,,,,,,,,,,,,,,,,,,,,,,,,,,,,,,,,,,,,,,,,,,,,,,,,,,,,,,,,,,,,,,,,,,,,,,,,,,,,,,,,,,,,,2,32,2,3,1,3,1,
7/21/17 9:34,7/21/17 9:38,0,73.254.83.211,100,244,1,7/21/17 9:38,R_3RrQaNoElKijRu6,,,,,47.51100159,-122.1869965,anonymous,EN,A2QUQ0S2F6K3QJ,"1,2",3,6,,,,,,,,,,,,,,,,,,,,,,,,,,,,,,,,,,,,,,,,,,,,,,,,,3,Being able to come up with good work times for employees ,Putting in certain stats or numbers to come up with a average or bases for future things,,,,,,,,,,,,,,,,,,,,,,,,,,,,,,,,,,,,,,,,,,,,,,,,,,,,,,,,,,,,,3,I dont see how the algorithm justifies Chris working in the mornings.,4,2,2,5,2,5,Maybe Chris doesn't want to work only mornings and is upset at having to wake up early etc.,3,I dont see a reason for algorithm in terms of good quality employee scheduling. ,1,,,,,,,,,,,,,,,,,,,,,,,,,,,,,,,,,,,,,,,,,,,,,,,,,,,,,,,,,,,,,,,,,,,,,,,,,,,,,,,,,,,,,,,,,,,,,,,,,,,,,,,,,,,,,,,,,,,,,,,,,,1,60,1,2,1,4,2,
7/21/17 9:34,7/21/17 9:39,0,98.207.170.77,100,288,1,7/21/17 9:39,R_2AHl1cbYaXmI59v,,,,,37.41349792,-122.1311951,anonymous,EN,A3PRR0UOG2C92U,"1,2",3,6,6,The algorithm has no invested interest or personal bias and it doesn't seem like the manager has any other motivation to assign the task to Chris.,4,4,4,2,2,2,"I think that Chris would be okay with the assignment, as it doesn't seem particularly out of the ordinary or terrible.",6,"I think the manager, without knowing too much about him, would have the best interest of his employees and the business at heart.",1,,,,,,,,,,,,,,,,,,,,,,,,,,,,,,,,,,,,,3,"The algorithm analyzed the breakdown rate of the components and gave results to the manager, who assigns employees to check up on and fix components accordingly.",A specific formula or process that analyzes a given task or set.,,,,,,,,,,,,,,,,,,,,,,,,,,,,,,,,,,,,,,,,,,,,,,,,,,,,,,,,,,,,,,,,,,,,,,,,,,,,,,,,,,,,,,,,,,,,,,,,,,,,,,,,,,,,,,,,,,,,,,,,,,,,,,,,,,,,,,,,,,,,,,,,,,,,,,,,,,,,,,,,,,,,,,,,,,,,,,,,,,,,,,,,,,,,,,,,,,2,27,2,5,6,2,1,
7/21/17 9:33,7/21/17 9:39,0,67.174.151.14,100,316,1,7/21/17 9:39,R_3EmcP7ln94JNzUn,,,,,38.47380066,-121.4434052,anonymous,EN,A13FXMMPTZUVRP,"1,2",3,6,,,,,,,,,,,,,,,,,,,,,,,,,,,,,,,,,,,,,5,The algorithm must be producing positive results for the center so it works.,4,4,4,5,5,5,He probably doesn't want to adhere to the algorithm.,6,It is an algorithm the center put into place so it must be trustworthy.,1,3,The algorithm was used by the manager to analyze the workers.,"Algorithms are a set of rules to do something, in this case analyzing performance.",,,,,,,,,,,,,,,,,,,,,,,,,,,,,,,,,,,,,,,,,,,,,,,,,,,,,,,,,,,,,,,,,,,,,,,,,,,,,,,,,,,,,,,,,,,,,,,,,,,,,,,,,,,,,,,,,,,,,,,,,,,,,,,,,,,,,,,,,,,,,,,,,,,,,,,,,,,,,,,,,,,,,,,,,,,,,,,,,,,,,,,,,,,,,,,,,,2,24,2,3,4,2,4,
7/21/17 9:34,7/21/17 9:39,0,52.144.46.62,100,296,1,7/21/17 9:39,R_2UaXEyyjJZ7WExz,,,,,40.71110535,-73.94689941,anonymous,EN,A1VFXUT4WS5VT,"1,2",3,6,,,,,,,,,,,,,,,,,,,,,,,,,,,,,,,,,,,,,,,,,,,,,,,,,1,human ,my mind ,,,,,,,,,,,,,,,,,,,,,,,,,,,,,,,,,,,,,,,,,,,,,,,,,,,,,,,,,,,,,,,,,,,,,,,,,,,,,,,,,,,,,6,the fair of theme ,6,5,6,6,5,6,i feel lot,6,i have the thought ,1,,,,,,,,,,,,,,,,,,,,,,,,,,,,,,,,,,,,,,,,,,,,,,,,,,,,,,,,,,,,,,,,,,,,,,,,,,,,,,,,,,,,,,,,,,,,,,,,,,3,32,2,5,5,4,4,
7/21/17 9:34,7/21/17 9:39,0,72.152.71.174,100,285,1,7/21/17 9:39,R_1QuPvR4Uz8s32Mm,,,,,33.5756073,-85.13400269,anonymous,EN,A3L4RJUHA0CJEA,"1,2",3,6,,,,,,,,,,,,,,,,,,,,,,,,,5,the algorithm is designed to weed out the bes clients. Its not the best and most accurate method but managers do not always have time to comb through hundreds of resumes,4,3,4,4,3,6,it's frustrating to know that the manager did not actually select him personally,4,the algorithm is set to select ony the best candidates for the position based on the information exported from the resumes,1,,,,,,,,,,,,,3,the algorithm selects the top candidates and the manager interviews the candidates,program that is able to sort data based on your requirements,,,,,,,,,,,,,,,,,,,,,,,,,,,,,,,,,,,,,,,,,,,,,,,,,,,,,,,,,,,,,,,,,,,,,,,,,,,,,,,,,,,,,,,,,,,,,,,,,,,,,,,,,,,,,,,,,,,,,,,,,,,,,,,,,,,,,,,,,,,,,,,,,,,,,,,,,,,,,,,,,,,,,,,,,,,,,,,,,,,,,,,,,,,,,,,,,,2,30,1,3,4,2,3,
7/21/17 9:34,7/21/17 9:39,0,74.139.138.249,100,288,1,7/21/17 9:39,R_yRdHNqOd2Syvbjz,,,,,37.14199829,-84.55840302,anonymous,EN,A2DZW5E52SJ93H,"1,2",3,6,,,,,,,,,,,,,6,The algorithm keeps people from coming in when there is no work for them,4,4,4,3,2,4,I think he would understand why his schedule was the way it was.,5,"The manager knows what he is doing, he mixes his knowledge with the algorithm to make the correct choice.",1,,,,,,,,,,,,,,,,,,,,,,,,,3,"the algorithm looks at availability and need then chooses who should come in, The human looks at the recommendations and makes the final call.",A set of rules ,,,,,,,,,,,,,,,,,,,,,,,,,,,,,,,,,,,,,,,,,,,,,,,,,,,,,,,,,,,,,,,,,,,,,,,,,,,,,,,,,,,,,,,,,,,,,,,,,,,,,,,,,,,,,,,,,,,,,,,,,,,,,,,,,,,,,,,,,,,,,,,,,,,,,,,,,,,,,,,,,,,,,,,,,,,,,,,,,,,,,,,,,,,,,,,,,,1,33,2,3,1,2,2,
7/21/17 9:34,7/21/17 9:39,0,71.145.198.107,100,309,1,7/21/17 9:39,R_VJOgX5C80Gmmv9T,,,,,36.83999634,-119.8284988,anonymous,EN,A1DDBGQDMZZ1VW,"1,2",3,6,,,,,,,,,,,,,,,,,,,,,,,,,,,,,,,,,,,,,,,,,,,,,,,,,,,,,,,,,,,,,,,,,,,,,,,,,,,,,,,,,,,,,,,,,,,,,,,,,,,,,,,,,,,,,,,,,,,,,,,,,,,,,,,,,,,,,,,,,,,,,,,,,,,,,,,,,,,,,,,,,,,,,,,,,,,,,,,,,,,,,,,,,,,,,,,,,,,,5,,,,,,,,,,,,,,,,,,,,,,,,,7,How else would you do it? I think it is fair for the manager to analyze the online information.,4,4,4,2,1,3,The statement does not indicate whether or not Chris was selected for an onsite interview. ,5,It is hard to make a decision with that many applicants. ,1,,,,,,,,,,,,,1,53,2,5,1,5,3,
7/21/17 9:34,7/21/17 9:39,0,184.13.66.20,100,314,1,7/21/17 9:39,R_2yl47TRawy8KRCs,,,,,38.12150574,-81.70330048,anonymous,EN,A3G9HX4DB7MEKK,"1,2",3,6,,,,,,,,,,,,,,,,,,,,,,,,,,,,,,,,,,,,,,,,,,,,,,,,,,,,,,,,,,,,,,,,,,,,,,,,,,,,,,,,,,,,,,,,,,,,,,,,,,,,,,,,,,,,,,,,,,,,,,,,,,,,,,,,,,,,,,,,,,,,,,,,,,,,,,,,,,,,,,,,,,,,,,,,,,,,,,,,,,,,,,,,,,,,,,,,,,,,5,6,"It's the manager's job to delegate work to the employees and Chris is an employee of the factory, so he should be just as responsible for maintenance as the other employees",3,3,4,5,4,5,"Chris probably wouldn't be overjoyed over having to maintain the component in addition to his other duties, but wouild most likely understand that he has to pull his weight. ",5,"He is making sure the factory is running smoothly by ensuring all the machinery is up and running properly and therefore, ensuring all of their jobs. ",1,,,,,,,,,,,,,,,,,,,,,,,,,,,,,,,,,,,,,1,48,1,3,1,5,1,
7/21/17 9:34,7/21/17 9:39,0,73.212.49.11,100,296,1,7/21/17 9:39,R_2PCozBBP2LUn7a0,,,,,39.35549927,-77.47750092,anonymous,EN,A2Q2WYJ2Q71HY1,"1,2",3,6,,,,,,,,,,,,,,,,,,,,,,,,,,,,,,,,,,,,,,,,,,,,,,,,,3,the algorithm captures the tones and the manager evaluates them,computer codes to capture tones,,,,,,,,,,,,,,,,,,,,,,,,,,,,,,,,,,,,,7,it is very methodical and objective,4,2,2,2,5,6,he might not feel that the computer can fairly assess his quality,6,i believe computers' objectivity allows them to make decisions without using emotions,1,,,,,,,,,,,,,,,,,,,,,,,,,,,,,,,,,,,,,,,,,,,,,,,,,,,,,,,,,,,,,,,,,,,,,,,,,,,,,,,,,,,,,,,,,,,,,,,,,,,,,,,,,,,,,,,,,,,,,,,,,,,,,,,,,,,,,,,,,,,,,,,,,,2,42,2,6,4,3,4,
7/21/17 9:34,7/21/17 9:39,0,96.36.64.62,100,324,1,7/21/17 9:39,R_3sblojMwBb4nx8V,,,,,35.04840088,-82.08519745,anonymous,EN,A31Y2UA2LPDSWZ,"1,2",3,6,,,,,,,,,,,,,6,So long as Chris's stated availability is taken into account then the analysis should be perfectly fair.,4,4,2,2,2,2,If this schedule suits Chris and what his stated availability then he shouldn't have any problem with it.,5,If one of the variables is employee availability then that seems a trustworthy method.,1,,,,,,,,,,,,,,,,,,,,,,,,,3,The algorithm performed the analysis and the manager used that result to make the schedule.,Number crunching.,,,,,,,,,,,,,,,,,,,,,,,,,,,,,,,,,,,,,,,,,,,,,,,,,,,,,,,,,,,,,,,,,,,,,,,,,,,,,,,,,,,,,,,,,,,,,,,,,,,,,,,,,,,,,,,,,,,,,,,,,,,,,,,,,,,,,,,,,,,,,,,,,,,,,,,,,,,,,,,,,,,,,,,,,,,,,,,,,,,,,,,,,,,,,,,,,,1,55,2,7,1,2,2,
7/21/17 9:34,7/21/17 9:39,0,71.90.191.193,100,334,1,7/21/17 9:39,R_DTxqEJTdnfVSwHD,,,,,30.53349304,-92.11630249,anonymous,EN,A2BGRGVU9HG0C6,"1,2",3,6,,,,,,,,,,,,,,,,,,,,,,,,,,,,,,,,,,,,,,,,,,,,,,,,,,,COMPUTERS COMING UP WITH STATISTICS ABOUT FACTS.,,,,,,,,,,,,,,,,,,,,,,,,,,,,,,,,,,,,,,,,,,,,,,,,,,,,,,,,,,,,,,,,,,,,,,,,,,,,,,,,,,,,,,,,,,,,,,,,,,,,,,,,,,,,,,,,,,,,,,,,,5,"IT SELECTS TOP APPLICANTS BASED ON RESUMES AND PERSONAL STATEMENTS. SO, IT IS PRETTY ACCURATE.",4,4,4,4,4,4,HE MIGHT THINK IT IS FAIR BUT HAVE DOUBTS SINCE BECAUSE IT IS NOT AN ACTUAL PERSON MAKING THE DECISION.,5,I THINK IT IS A ACCURATE SELECTION SYSTEM,1,,,,,,,,,,,,,1,,,,,,,,,,,,,,,,,,,,,,,,,,,,,,,,,,,,,,,,,,,,,,,,,1,43,1,3,2,1,3,
7/21/17 9:36,7/21/17 9:39,0,72.24.200.114,100,207,1,7/21/17 9:39,R_27lCCKL3epFl3IK,,,,,33.63830566,-96.72450256,anonymous,EN,A2G4O61TYSWYS9,"1,2",3,6,,,,,,,,,,,,,,,,,,,,,,,,,,,,,,,,,,,,,,,,,,,,,,,,,,,,,,,,,,,,,,,,,,,,,,,,,,,,,,,,,,,,,,,,,,,,,,,,,,,,,,,,,,,,,,,,,,,,,,,,,,,,,,,,,,,,,,,,,,,,,,,,,,,,,,,,,,,,,,,,,,,,,,,,,,,,,,,,,,,,,,,,,,,,,,,,,,,,5,,,,,,,,,,,,,,,,,,,,,,,,,,,,,,,,,,,,,6,The manager uses recordings of his work calls to evaluate him.,6,5,6,2,2,2,The evaluation is based on the job performance and seems fair.,6,The manager would have training in what ot look for in the evaluation.,1,1,48,1,6,1,5,4,
7/21/17 9:35,7/21/17 9:39,0,4.7.32.2,100,290,1,7/21/17 9:39,R_1Ihe1m6PGTo5E8C,,,,,28.55349731,-81.30039978,anonymous,EN,A3QE4JDV89MB3K,"1,2",3,6,,,,,,,,,,,,,,,,,,,,,,,,,,,,,,,,,,,,,,,,,,,,,,,,,,,,,,,,,,,,,,,,,,,,,,,,,,,,,,,,,,,,,,,,,,,,,,,,,,,,,,,,,,,,,,,,,,,,,,,,,,,,,,,,,,,,,,,,,,,,,,,,,,,,,,,,,,,,,,,,,,,,,,,,,,,,,,,,,,,,,,,,,,,,,,,,,,,,5,6,it is part of the manager's job to assign workers to monitor and maintain factory equipment,4,4,5,2,2,2,I would be proud that the manager trusted me with this important task,6,the maintenance of equipment seems to be a major focus of his job,1,,,,,,,,,,,,,,,,,,,,,,,,,,,,,,,,,,,,,1,33,2,6,1,5,1,
7/21/17 9:34,7/21/17 9:39,0,99.162.69.196,100,335,1,7/21/17 9:39,R_0fupqEQMfpp65pL,,,,,36.64779663,-121.6259003,anonymous,EN,A1OVGCI9KUL4MI,"1,2",3,6,,,,,,,,,,,,,,,,,,,,,,,,,,,,,,,,,,,,,,,,,,,,,,,,,,,,,,,,,,,,,,,,,,,,,,,,,,,,,,,,,,,,,,,,,,,,,,,,,,,,,,,,,,,,,,,,,,,,,,,,,,,,,,,,,,,,,,,,,,,,,,,,,,,,,,,,,,,,,,,,,,,,,,,,,,,,,,,,,,,,,,,,,,,,,,,,,,,,5,,,,,,,,,,,,,6,It seems like the shift was chosen given on when he was free to work,6,4,4,2,1,1,it seems like a good fit for him so he would be okay with it,5,hard to know what he knows and is working with. ,1,,,,,,,,,,,,,,,,,,,,,,,,,2,36,2,4,3,5,2,
7/21/17 9:35,7/21/17 9:39,0,32.212.225.161,100,289,1,7/21/17 9:39,R_2xDzXLw3Kjm2Nf2,,,,,41.88330078,-72.36109924,anonymous,EN,A18LPAFMK1B06K,"1,2",3,6,,,,,,,,,,,,,,,,,,,,,,,,,,,,,,,,,,,,,,,,,,,,,,,,,3,The manager uses the algorithm to evaluate the employee's performance.,A precisely defined process,,,,,,,,,,,,,,,,,,,,,,,,,,,,,,,,,,,,,5,The algorithm evaluates his performance.,1,1,6,7,6,4,He may feel that the algorithm is inaccurate.,2,It's difficult to evaluate the employee.,1,,,,,,,,,,,,,,,,,,,,,,,,,,,,,,,,,,,,,,,,,,,,,,,,,,,,,,,,,,,,,,,,,,,,,,,,,,,,,,,,,,,,,,,,,,,,,,,,,,,,,,,,,,,,,,,,,,,,,,,,,,,,,,,,,,,,,,,,,,,,,,,,,,2,28,2,5,1,3,4,
7/21/17 9:33,7/21/17 9:40,0,99.116.17.237,100,368,1,7/21/17 9:40,R_3MbeiiZZmdQ8Hnt,,,,,37.53720093,-120.8487015,anonymous,EN,A3NMU6AVMQ0QDB,"1,2",3,6,,,,,,,,,,,,,,,,,,,,,,,,,,,,,,,,,,,,,1,The manager should listen to call recordings directly without relying on the algorithmic interpretation of a computer generated report,1,1,1,7,4,7,"No one wants a robot telling them how to do their job. If you humans want to remain in control, they must rely less on software and more on their own reasoning and rationality",1,"An algorithm is going to have type I and type II errors, I would rather take evaluation of a seasoned human who has experience and training",1,3,"The algorithm conduct an analysis of call recordings, the manager reviews the report generated by the algorithm to make a final evaluation of the call center employees performance.","Algorithms are both static and dynamic formulated processes that are increasing relying on neural networks, Stochastic statistics, and machine learning theory to generate artificially intelligent synthetic reasoning, interpretation, and analysis of human behavior for both predicting outcomes and manipulating behavior according to preprogrammed objectives. ",,,,,,,,,,,,,,,,,,,,,,,,,,,,,,,,,,,,,,,,,,,,,,,,,,,,,,,,,,,,,,,,,,,,,,,,,,,,,,,,,,,,,,,,,,,,,,,,,,,,,,,,,,,,,,,,,,,,,,,,,,,,,,,,,,,,,,,,,,,,,,,,,,,,,,,,,,,,,,,,,,,,,,,,,,,,,,,,,,,,,,,,,,,,,,,,,,2,32,2,4,4,2,4,
7/21/17 9:35,7/21/17 9:40,0,24.151.194.91,100,304,1,7/21/17 9:40,R_Rb5wspb4ftY5kdz,,,,,34.79820251,-84.90820313,anonymous,EN,AGVIHLR1DX7,"1,2",3,6,,,,,,,,,,,,,,,,,,,,,,,,,,,,,,,,,,,,,,,,,,,,,,,,,,,,,,,,,,,,,,,,,,,,,,,,,,,,,,,,,,,,,,,,,,,,,,,,,,,,,,,,,,,,,,,,,,,,,,,,,,,,,,,,,,,,,,,,,,,,,,,,,,,,,,,,,,,,,,,,,,,,,,,,,,,,,,,,,,,,,,,,,,,,,,,,,,,,5,7,The manager expects his employees to check and update certain components for the company. Chris is an employee and it is expected of him so it is very fair.,7,7,7,1,1,1,Chris should feel happy and proud that his manager felt he was competent to complete this special job. His manager obviously sees Chris in a positive way.,7,He makes good quality decisions because he picks those that works with the machinery the closest and would be the ones to notice when there needed to be work.,1,,,,,,,,,,,,,,,,,,,,,,,,,,,,,,,,,,,,,1,32,2,3,1,5,1,
7/21/17 9:34,7/21/17 9:40,0,68.48.224.103,100,314,1,7/21/17 9:40,R_1IRTakQUR7C5N0B,,,,,42.07460022,-83.22669983,anonymous,EN,A256CNCYJ4PUH9,"1,2",3,6,,,,,,,,,,,,,,,,,,,,,,,,,,,,,,,,,,,,,,,,,,,,,,,,,,,,,,,,,,,,,,,,,,,,,,,,,,,,,,,,,,,,,,,,,,,,,,,,,,,,,,,,,,,,,,,,,,,,,,,,,,,,,,,,,,,,,,,,,,,,,,,,,,,,,,,,,,,,,,,,,,,,,,,,,,,,,,,,,,,,,,,,,,,,,,,,,,,,5,,,,,,,,,,,,,,,,,,,,,,,,,,,,,,,,,,,,,7,It's fair to evaluate his performance to ensure quality customer service.,3,2,5,4,2,2,Chris may be a good employee but still not like the feeling of being evaluated. ,6,I trust that the managers are fair and unbiased when evaluating employees performance. ,1,1,32,1,3,1,5,4,
7/21/17 9:36,7/21/17 9:40,0,69.246.44.22,100,213,1,7/21/17 9:40,R_2uBjAPOPLuyPbgZ,,,,,35.11329651,-89.90209961,anonymous,EN,A1B6MZ6X8DX20T,"1,2",3,6,,,,,,,,,,,,,,,,,,,,,,,,,,,,,,,,,,,,,,,,,,,,,,,,,,,An algorithm is function or equation with determined variables and constants that can be used to assess and predict future data.,,,,,,,,,,,,,,,,,,,,,,,,,,,,,,,,,,,,,,,,,,,,,,,,,,,,,,,,,,,,,,,,,,,,,,,,,,,,,,,,,,,,,,,,,,,,,,,,,3,Algorithms cannot account for all gray areas.,3,3,3,5,5,5,Being judged without human sensitivity is a scary thing.,4,"I am sure that there is valid data derived from the algorithm, although there are probably inaccuracies as well.",1,,,,,,,,,,,,,,,,,,,,,,,,,,,,,,,,,,,,,1,,,,,,,,,,,,,,,,,,,,,,,,,,,,,,,,,,,,,,,,,,,,,,,,,2,29,1,5,1,1,1,
7/21/17 9:33,7/21/17 9:40,0,24.4.117.91,100,399,1,7/21/17 9:40,R_3QM3diE9IcPGEiF,,,,,37.81289673,-121.9743042,anonymous,EN,A2DUOTGJDZWUCV,"1,2",3,6,,,,,,,,,,,,,,,,,,,,,,,,,,,,,,,,,,,,,,,,,,,,,,,,,3,The manager used an algorithm to monitor performance.,basically an equation/system to measure something.,,,,,,,,,,,,,,,,,,,,,,,,,,,,,,,,,,,,,2,"It does not take into account a human, emotive, social element to work performance.  The human element is important in such a job.",4,4,4,4,4,4,"I have no idea how Chris would feel.  I don't know Chris, and I am not him.  I could remark on how I would feel.",1,"A computer is not able to evaluate human to human behavior because such behavior has ethical, psychological, and phenomenological implications and norms.  How can artificial intelligence evaluate morality and social ethics?",1,,,,,,,,,,,,,,,,,,,,,,,,,,,,,,,,,,,,,,,,,,,,,,,,,,,,,,,,,,,,,,,,,,,,,,,,,,,,,,,,,,,,,,,,,,,,,,,,,,,,,,,,,,,,,,,,,,,,,,,,,,,,,,,,,,,,,,,,,,,,,,,,,,1,39,2,6,1,3,4,
7/21/17 9:34,7/21/17 9:40,0,50.111.32.142,100,372,1,7/21/17 9:40,R_22Mrt2qKZH0JfWA,,,,,35.18330383,-83.43070221,anonymous,EN,ANZUE8VX5IMDO,"1,2",3,6,,,,,,,,,,,,,,,,,,,,,,,,,,,,,,,,,,,,,,,,,,,,,,,,,3,The algorithm analyses the information to make the scheduling decisions but it is monitored and can be adjusted by the manager.,A set of rules to determine actions by.,,,,,,,,,,,,,6,The algorithm is monitored by a real person and can be adjusted so I feel this makes it a human decision and is fair.,4,4,4,3,3,3,"I don't think Chris would feel anything in particular, nothing more then any employee might feel.",5,Since it is being monitored I feel the algorithm is likely fair or it wouldn't be used.,2,,,,,,,,,,,,,,,,,,,,,,,,,,,,,,,,,,,,,,,,,,,,,,,,,,,,,,,,,,,,,,,,,,,,,,,,,,,,,,,,,,,,,,,,,,,,,,,,,,,,,,,,,,,,,,,,,,,,,,,,,,,,,,,,,,,,,,,,,,,,,,,,,,,,,,,,,,,,,,,,,,,,,,,,,,1,50,2,2,1,3,2,
7/21/17 9:34,7/21/17 9:40,0,204.86.250.21,100,359,1,7/21/17 9:40,R_1liwOlXOyAp4QJp,,,,,40.74490356,-73.97820282,anonymous,EN,AZFON83L6QYWJ,"1,2",3,6,,,,,,,,,,,,,,,,,,,,,,,,,,,,,,,,,,,,,,,,,,,,,,,,,,,,,,,,,,,,,,,,,,,,,,,,,,,,,,,,,,,,,,,,,,,,,,,,,,,,,,,,,,,,,,,,,,,,,,,,,,,,,,,,,,,,,,,,,,,,,,,,,,,,,,,,,,,,,,,,,,,,,,,,,,,,,,,,,,,,,,,,,,,,,,,,,,,,5,,,,,,,,,,,,,,,,,,,,,,,,,7,"It is fair because the manager knows the qualifications of the job and is able to find people that suit that description, including Chris'. Chris as the same chance as all others for the job, thus it is fair.",4,4,4,5,4,5,He would feel neutral about most of these emotions because they are neither biased towards or against Chris. He may feel frustrated and disappointed because the process is long and tiring.,6,"The manager is forced to be unbiased when looking at resumes of people he doesn't know. He needs to be objective, therefore, I think he would be very trsutworthy with people he does not know.",1,,,,,,,,,,,,,1,26,1,5,3,5,3,
7/21/17 9:33,7/21/17 9:40,0,75.147.113.177,100,399,1,7/21/17 9:40,R_2scMkIRi4q9Aj6B,,,,,40.62210083,-74.24459839,anonymous,EN,A22LLCN5WBKJJI,"1,2",3,6,,,,,,,,,,,,,,,,,,,,,,,,,,,,,,,,,,,,,,,,,,,,,,,,,,,Algorithms are series of conditions met through a criteria set by the maker to derive a result or response for the end user,,,,,,,,,,,,,,,,,,,,,,,,,,,,,,,,,,,,,,,,,,,,,,,,,,,,,,,,,,,,,,,,,,,,,,,,,,,,,,,,,,,,,,,,,,,,,,,,,,,,,,,,,,,,,,,,,,,,,,,,,2,Algorithms can be exploited. I feel the lack of human element in selecting a candidate for employment is crucial,3,3,3,5,5,5,Chris would see his application is being screen by a code as opposed to the employer itself as a bit cold. ,3,"Since code and formula is man made, there can be a possibe exploit that someone under qualified can be taken over someoone qualified",1,,,,,,,,,,,,,1,,,,,,,,,,,,,,,,,,,,,,,,,,,,,,,,,,,,,,,,,,,,,,,,,2,32,2,5,3,1,3,
7/21/17 9:34,7/21/17 9:40,0,73.135.27.138,100,389,1,7/21/17 9:40,R_DNtlzYbzYHdwJrz,,,,,39.34300232,-76.68579865,anonymous,EN,A1OG2E3OUZ13D3,"1,2",3,6,,,,,,,,,,,,,,,,,,,,,,,,,,,,,,,,,,,,,,,,,,,,,,,,,3,The algorithm was monitoring the worker's performance and the manager was responsible for adjusting and fine-tuning the algorithm.,Algorithms are sets of processes that are designed to perform a particular task or tasks in a consistent manner.,,,,,,,,,,,,,,,,,,,,,,,,,,,,,,,,,,,,,6,"I would say that it is fair because the manager is responsible for fine tuning the algorithm, which would be a reflection of how the manager would evaluate.",5,5,5,2,2,2,"I think he would be okay with the algorithm. The manager is involved in adjusting it, so it is essentially an automated way of giving an evaluation. ",5,"I gave this answer because I do believe that it can be trustworthy, depending on the integrity of the manager. I would say that I would expect the manager to be fair.",1,,,,,,,,,,,,,,,,,,,,,,,,,,,,,,,,,,,,,,,,,,,,,,,,,,,,,,,,,,,,,,,,,,,,,,,,,,,,,,,,,,,,,,,,,,,,,,,,,,,,,,,,,,,,,,,,,,,,,,,,,,,,,,,,,,,,,,,,,,,,,,,,,,2,31,2,6,2,3,4,
7/21/17 9:34,7/21/17 9:40,0,73.96.102.2,100,384,1,7/21/17 9:40,R_1DzZF0lJVToGlTC,,,,,45.6678009,-123.1546021,anonymous,EN,A289TLY20GCMVU,"1,2",3,6,,,,,,,,,,,,,,,,,,,,,,,,,,,,,,,,,,,,,,,,,,,,,,,,,,,Programs that take data from multiple sources and organize it into what you need.,,,,,,,,,,,,,,,,,,,,,,,,,,,,,,,,,,,,,,,,,,,,,,,,,,,,,,,,,,,,,,,,,,,,,,,,,,,,,,,,,,,,,,,,,,,,,,,,,4,I'm not sure there is a question of fairness when a program is just creating a list for a mechanic to check.  ,5,4,4,1,1,1,There's no reason Chris should feel negatively about a computer program that is helping him be more effective in his job.  That to me seems similar to an administrative assistant being upset with spell check.,5,"Computer programs make mistakes, so they should always be used with the expectation that you need to double check.",1,,,,,,,,,,,,,,,,,,,,,,,,,,,,,,,,,,,,,1,,,,,,,,,,,,,,,,,,,,,,,,,,,,,,,,,,,,,,,,,,,,,,,,,1,33,1,3,1,1,1,
7/21/17 9:36,7/21/17 9:40,0,73.192.78.7,100,283,1,7/21/17 9:40,R_3hGSigX08bEJq6u,,,,,31.18229675,-81.49259949,anonymous,EN,AXR6R3X65V2ZG,"1,2",3,6,,,,,,,,,,,,,,,,,,,,,,,,,,,,,,,,,,,,,,,,,,,,,,,,,3,The algorithm selected top applicants by analyzing resumes and statements and the manager oversaw and adjusted the algorithm.,A program with a set way of going through data.,,,,,,,,,,,,,,,,,,,,,,,,,3,The manager by himself might pick Chris when the algorithm wouldn't.,2,3,3,5,3,5,He might feel like there's nothing he can do to influence the hiring process.,5,I trust the algorithm to pick qualified applicants but I don't think it could make good character judgements.,1,,,,,,,,,,,,,,,,,,,,,,,,,,,,,,,,,,,,,,,,,,,,,,,,,,,,,,,,,,,,,,,,,,,,,,,,,,,,,,,,,,,,,,,,,,,,,,,,,,,,,,,,,,,,,,,,,,,,,,,,,,,,,,,,,,,,,,,,,,,,,,,,,,,,,,,,,,,,,,2,22,1,3,1,3,3,
7/21/17 9:34,7/21/17 9:40,0,104.172.111.88,100,384,1,7/21/17 9:40,R_1hMd5E0V0yw1PQL,,,,,34.29420471,-118.5070953,anonymous,EN,A2Y749J0XM6TIW,"1,2",3,6,,,,,,,,,,,,,4,It could be during a period where it is not busy or a period of time when it is the busiest.  ,4,4,4,4,4,4,"Again, Chris may prefer to work when it's less busy or prefer to work when the shop is at its busiest",4,Manager is assigning staff to improve service,1,,,,,,,,,,,,,,,,,,,,,,,,,3,Manager used the algorithm to decide when and whom to schedule work shifts.,Set of rules computers/programs follow.,,,,,,,,,,,,,,,,,,,,,,,,,,,,,,,,,,,,,,,,,,,,,,,,,,,,,,,,,,,,,,,,,,,,,,,,,,,,,,,,,,,,,,,,,,,,,,,,,,,,,,,,,,,,,,,,,,,,,,,,,,,,,,,,,,,,,,,,,,,,,,,,,,,,,,,,,,,,,,,,,,,,,,,,,,,,,,,,,,,,,,,,,,,,,,,,,,2,34,2,5,4,2,2,
7/21/17 9:34,7/21/17 9:41,0,172.90.194.47,100,399,1,7/21/17 9:41,R_1myL5SO6zVV5MON,,,,,33.91290283,-118.3439026,anonymous,EN,A3OW5EFQ5QFD19,"1,2",3,6,,,,,,,,,,,,,,,,,,,,,,,,,,,,,,,,,,,,,,,,,,,,,,,,,,,Programs that analyze data and try to develop advice or output based on the data averages. ,,,,,,,,,,,,,,,,,,,,,,,,,,,,,,,,,,,,,,,,,,,,,,,,,,,,,,,,,,,,,,,,,,,,,,,,,,,,,,,,,,,,,,,,,,,,,,,,,6,There would be nothing inherently unfair about Chris being assigned to check a component. ,4,3,4,2,3,4,I think Chris would generally remain neutral about the assignment unless he was having a bad day. ,4,My trust would depend on who came up with the algorithm. ,1,,,,,,,,,,,,,,,,,,,,,,,,,,,,,,,,,,,,,1,,,,,,,,,,,,,,,,,,,,,,,,,,,,,,,,,,,,,,,,,,,,,,,,,1,29,1,5,2,1,1,
7/21/17 9:37,7/21/17 9:41,0,76.185.166.104,100,232,1,7/21/17 9:41,R_Pwh1xGAX18T45Sp,,,,,29.46220398,-98.44219971,anonymous,EN,A1YO03P3SSC7CD,"1,2",3,6,,,,,,,,,,,,,,,,,,,,,,,,,,,,,,,,,,,,,,,,,,,,,,,,,3,"The manager monitored the algorithm, which scheduled the employees for their shifts.",They're a computer program that uses a set of rules to make decisions.,,,,,,,,,,,,,6,"Computers are just machines following rules that they are told to. It's unbiased, and it's a good way to make the decisions.",4,4,2,1,3,3,"I don't think he would be too happy, but I don't think that he would be really angry about it, either.",5,"The algorithm is probably pretty good, but with most computer programs it more than likely has room for improvement.",1,,,,,,,,,,,,,,,,,,,,,,,,,,,,,,,,,,,,,,,,,,,,,,,,,,,,,,,,,,,,,,,,,,,,,,,,,,,,,,,,,,,,,,,,,,,,,,,,,,,,,,,,,,,,,,,,,,,,,,,,,,,,,,,,,,,,,,,,,,,,,,,,,,,,,,,,,,,,,,,,,,,,,,,,,,2,34,1,5,1,3,2,
7/21/17 9:33,7/21/17 9:41,0,74.143.50.180,100,457,1,7/21/17 9:41,R_10vgl53quSWVCji,,,,,38.18409729,-86.15229797,anonymous,EN,ATUY1BTU5BQDE,"1,2",3,6,,,,,,,,,,,,,,,,,,,,,,,,,,,,,,,,,,,,,,,,,,,,,,,,,3,The manage analyzes the employee and the algorithm analyzed the number of customers and it chooses the best time for an employee to work. ,Compute based calculations.,,,,,,,,,,,,,,,,,,,,,,,,,,,,,,,,,,,,,,,,,,,,,,,,,,,,,,,,,,,,,5,"It's fair because it's the best time for him to work. Also, a little unfair because he might not want to work mornings.",3,2,1,1,2,5,He would be frustrated because he has to change shifts and start working at a different time.,6,The algorithm has no bias or emotion so it chooses the best outcome.,1,,,,,,,,,,,,,,,,,,,,,,,,,,,,,,,,,,,,,,,,,,,,,,,,,,,,,,,,,,,,,,,,,,,,,,,,,,,,,,,,,,,,,,,,,,,,,,,,,,,,,,,,,,,,,,,,,,,,,,,,,,2,22,2,2,1,4,2,
7/21/17 9:34,7/21/17 9:41,0,24.123.94.218,100,426,1,7/21/17 9:41,R_qRvYQZwQ01rQlW1,,,,,44.18429565,-88.53050232,anonymous,EN,AWE9A4ZOP9LNU,"1,2",3,6,7,Chris must obey his manager. His manager determined what Chris should do based off the algorithm so Chris is obligated to do what he is told.,4,3,4,3,2,4,Chris would feel that he is being bossed around but feels obligated to follow instructions.,6,Assuming that the algorithm is based on the correct data I would put a lot of trust in it.,1,,,,,,,,,,,,,,,,,,,,,,,,,,,,,,,,,,,,,3,The manager determine what Chris should work on based off of the algorithm. His decision was based off of the algorithm so they worked hand in hand.,They are sets of information that are plugged into a formula to determine things.,,,,,,,,,,,,,,,,,,,,,,,,,,,,,,,,,,,,,,,,,,,,,,,,,,,,,,,,,,,,,,,,,,,,,,,,,,,,,,,,,,,,,,,,,,,,,,,,,,,,,,,,,,,,,,,,,,,,,,,,,,,,,,,,,,,,,,,,,,,,,,,,,,,,,,,,,,,,,,,,,,,,,,,,,,,,,,,,,,,,,,,,,,,,,,,,,,1,35,2,5,1,2,1,
7/21/17 9:34,7/21/17 9:41,0,104.32.37.92,100,419,1,7/21/17 9:41,R_NUvAgsVqMkUB6i5,,,,,33.88720703,-118.3547974,anonymous,EN,A1Z0O5MC9DAE8C,"1,2",3,6,,,,,,,,,,,,,,,,,,,,,,,,,,,,,,,,,,,,,,,,,,,,,,,,,3,"The manager uses the call recordings, and the algorithm looks at customer comments. The algorithm then makes a final decision based on both of those factors.",Something that comes to a decision based on logic and procedures that are predetermined.,,,,,,,,,,,,,,,,,,,,,,,,,,,,,,,,,,,,,,,,,,,,,,,,,,,,,,,,,,,,,,,,,,,,,,,,,,,,,,,,,,,,,5,"The manager is there to give a human analysis of his past call recordings, in case the algorithm gives an inaccurate decision.",3,4,3,4,5,5,"I think he would feel that the algorithm could make an inaccurate decision, and the manager don't have enough influence to fix that.",3,I think there are too many small details and nuances to customer comments and call recordings for an algorithm to make an accurate decision.,1,,,,,,,,,,,,,,,,,,,,,,,,,,,,,,,,,,,,,,,,,,,,,,,,,,,,,,,,,,,,,,,,,,,,,,,,,,,,,,,,,,,,,,,,,,,,,,,,,,3,31,1,5,4,4,4,
7/21/17 9:37,7/21/17 9:41,0,24.20.181.160,100,225,1,7/21/17 9:41,R_SV8an8rmKin6FSp,,,,,45.58479309,-122.9116974,anonymous,EN,A3SGNSLG6DNY7B,"1,2",3,6,,,,,,,,,,,,,,,,,,,,,,,,,,,,,,,,,,,,,,,,,,,,,,,,,,,"Algorithms are programmed to make decisions. It's basically a formula that tries to make the best decision based on the information it has, typically it's computerized.",,,,,,,,,,,,,,,,,,,,,,,,,,,,,,,,,,,,,,,,,,,,,,,,,,,,,,,,,,,,,,,,,,,,,,,,,,,,,,,,,,,,,,,,,,,,,,,,,,,,,,,,,,,,,6,"It's an algorithm, it doesn't make biased judgments so it's fair that it scheduled him that way.",2,2,1,4,2,2,"It's unclear if Chris wants to work mornings or not, so I don't think he'd really feel any of these things strongly.",6,"It likely does a better job than a person could, people usually forget when you are available and schedule you at times you aren't able to work.",1,,,,,,,,,,,,,,,,,,,,,,,,,1,,,,,,,,,,,,,,,,,,,,,,,,,,,,,,,,,,,,,,,,,,,,,,,,,1,34,1,5,1,1,2,
7/21/17 9:38,7/21/17 9:41,0,98.160.177.125,100,187,1,7/21/17 9:41,R_3iIqEUB64xdgd5o,,,,,36.03120422,-115.0738983,anonymous,EN,AQORJW4W8U9YU,"1,2",3,6,,,,,,,,,,,,,,,,,,,,,,,,,,,,,,,,,,,,,,,,,,,,,,,,,,,Algorithm is a formula that is used to calculate certain data points.,,,,,,,,,,,,,,,,,,,,,,,,,,,,,,,,,,,,,,,,,,,,,,,,,,,,,,,,,,,,,,,,,,,,,,,,,,,,,,,,,,,,,,,,,,,,,,,,,,,,,,,,,,,,,,,,,,,,,,,,,5,It is fair because they are looking for certain criteria and Chris fits that.,5,5,6,4,1,1,I believe chris would be happy and elated that he gets an interview,6,Trust is something that is imperative.,1,,,,,,,,,,,,,1,,,,,,,,,,,,,,,,,,,,,,,,,,,,,,,,,,,,,,,,,,,,,,,,,2,30,2,5,1,1,3,
7/21/17 9:33,7/21/17 9:41,0,192.110.200.44,100,474,1,7/21/17 9:41,R_2TT2EUOf0eXjXSs,,,,,41.48669434,-90.57250214,anonymous,EN,AHX8CAANIM62U,"1,2",3,6,,,,,,,,,,,,,5,I think it is somewhat fair to schedule a worker when work is available.  Medical staff is often staffed according to peak times.,4,4,4,4,3,3,"Depending on Chris's expectations for scheduling, his reactions would be effected.   Assuming he knows this is how it's done, he shouldn't be too upset.",4,"Because it is a standardized method, I have some trust in the manager.",1,,,,,,,,,,,,,,,,,,,,,,,,,3,The manager scheduled his employee based on the results of the algorithm.  The algorithm results gave suggestions as to who and when people should be scheduled.,Computer calculations based on data.,,,,,,,,,,,,,,,,,,,,,,,,,,,,,,,,,,,,,,,,,,,,,,,,,,,,,,,,,,,,,,,,,,,,,,,,,,,,,,,,,,,,,,,,,,,,,,,,,,,,,,,,,,,,,,,,,,,,,,,,,,,,,,,,,,,,,,,,,,,,,,,,,,,,,,,,,,,,,,,,,,,,,,,,,,,,,,,,,,,,,,,,,,,,,,,,,,1,39,1,5,1,2,2,
7/21/17 9:34,7/21/17 9:42,0,68.206.79.214,100,434,1,7/21/17 9:42,R_115f7zeP9k3vcvt,,,,,25.98249817,-97.47250366,anonymous,EN,AR4UI9K92BUT3,"1,2",3,6,,,,,,,,,,,,,,,,,,,,,,,,,,,,,,,,,,,,,,,,,,,,,,,,,3,The information is input into the machine and the machine assesses the candidates and that output is again assessed by the manager.,"Formulas. As in if x is equivalent to either and/or all of A,B,C, then x is to be selected/not selected.",,,,,,,,,,,,,,,,,,,,,,,,,,,,,,,,,,,,,,,,,,,,,,,,,,,,,,,,,,,,,,,,,,,,,,,,,6,It would seem that the machine selects factors and makes judgment calls on those qualifiers only. The machine doesn't mindlessly not select someone.,2,2,4,5,4,5,"Without knowing Chris, I assume that he would definitely be disappointed but doubt if he would blame a machine for not being considered.",5,"Machines are only as good as the information that is input.  If certain characteristics are wanted in an applicant, the machine selects those who have the characteristics.",1,,,,,,,,,,,,,,,,,,,,,,,,,,,,,,,,,,,,,,,,,,,,,,,,,,,,,,,,,,,,,,,,,,,,,,,,,,,,,,,,,,,,,,,,,,,,,,,,,,,,,,,,,,,,,,2,67,1,5,1,4,3,
7/21/17 9:40,7/21/17 9:42,0,138.254.99.50,100,98,1,7/21/17 9:42,R_2TAWrGycNpuIjKm,,,,,32.77870178,-96.82170105,anonymous,EN,A2WVH84QT97HX2,"1,2",3,6,,,,,,,,,,,,,,,,,,,,,,,,,,,,,,,,,,,,,,,,,,,,,,,,,,,,,,,,,,,,,,,,,,,,,,,,,,,,,,,,,,,,,,,,,,,,,,,,,,,,,,,,,,,,,,,,,,,,,,,,,,,,,,,,,,,,,,,,,,,,,,,,,,,,,,,,,,,,,,,,,,,,,,,,,,,,,,,,,,,,,,,,,,,,,,,,,,,,5,,,,,,,,,,,,,,,,,,,,,,,,,6,Well that's a fair way to pick your interviewees,7,7,7,1,1,1,Well he can't be upset. He got a fair deal,6,Well it seems like the manager is a fair guy which means he should be trustworthy as well.,1,,,,,,,,,,,,,3,29,2,4,1,5,3,
7/21/17 9:36,7/21/17 9:42,0,172.249.177.213,100,328,1,7/21/17 9:42,R_2cvkl03826M1GlA,,,,,34.11250305,-118.1907959,anonymous,EN,A21753FQKCM5DQ,"1,2",3,6,,,,,,,,,,,,,,,,,,,,,,,,,,,,,,,,,,,,,3,I feel like the algorithm is good for somethings but the program might miss something important and human about the employees performance. ,3,3,2,5,3,6,He would feel like he has no control over the outcome and that most of his fate is in the hands of a computer program. ,5,The manager is the manager for a reason I hope he makes good decisions. ,1,3,The manager would review what the altorithm told him about the employee chris. ,They are computer programs that processes and anylizes aspects of human interest. ,,,,,,,,,,,,,,,,,,,,,,,,,,,,,,,,,,,,,,,,,,,,,,,,,,,,,,,,,,,,,,,,,,,,,,,,,,,,,,,,,,,,,,,,,,,,,,,,,,,,,,,,,,,,,,,,,,,,,,,,,,,,,,,,,,,,,,,,,,,,,,,,,,,,,,,,,,,,,,,,,,,,,,,,,,,,,,,,,,,,,,,,,,,,,,,,,,2,32,2,3,1,2,4,
7/21/17 9:38,7/21/17 9:42,0,173.216.4.203,100,233,1,7/21/17 9:42,R_3MN0YpkqySh0Q7m,,,,,34.94610596,-92.08580017,anonymous,EN,A2V4PRG5UBNIX0,"1,2",3,6,,,,,,,,,,,,,,,,,,,,,,,,,,,,,,,,,,,,,,,,,,,,,,,,,3,The manager would oversee the algorthm,There computer input objective input flow processes,6,The human will oversee the process,5,4,3,3,2,4,chris might feel like he is not valued and being replaced by a machine,5,Algorithms are constantly upgrading themselves,1,,,,,,,,,,,,,,,,,,,,,,,,,,,,,,,,,,,,,,,,,,,,,,,,,,,,,,,,,,,,,,,,,,,,,,,,,,,,,,,,,,,,,,,,,,,,,,,,,,,,,,,,,,,,,,,,,,,,,,,,,,,,,,,,,,,,,,,,,,,,,,,,,,,,,,,,,,,,,,,,,,,,,,,,,,,,,,,,,,,,,,1,43,1,6,1,3,1,
7/21/17 9:33,7/21/17 9:42,0,71.74.5.246,100,502,1,7/21/17 9:42,R_qyIRjlHl5svTa6Z,,,,,34.75950623,-77.50189972,anonymous,EN,A1GUPBAMVB6C03,"1,2",3,6,,,,,,,,,,,,,,,,,,,,,,,,,,,,,,,,,,,,,,,,,,,,,,,,,1,the manager and the algorithm work together actually to figure out the role of someone in the history it shows back who is right for what,a way of seeing maybe someones brain waves of knowledge to point you in the direction they need to be in,,,,,,,,,,,,,,,,,,,,,,,,,,,,,,,,,,,,,,,,,,,,,,,,,7,based on the algorithm he is the perfect candidate to do it,6,1,5,1,1,1,although it lacks enough information to possibly say but i would think he would be in a state of happiness to do this,5,i don't really know i trust the outcome honestly but i guess i could give it moderate  trust. to me at the end it could be all wrong as well.,1,,,,,,,,,,,,,,,,,,,,,,,,,,,,,,,,,,,,,,,,,,,,,,,,,,,,,,,,,,,,,,,,,,,,,,,,,,,,,,,,,,,,,,,,,,,,,,,,,,,,,,,,,,,,,,,,,,,,,,,,,,,,,,,,,,,,,,1,35,1,1,5,4,1,
7/21/17 9:34,7/21/17 9:42,0,73.149.4.141,100,491,1,7/21/17 9:42,R_1InpczyR2kE7MHj,,,,,41.86480713,-72.68190002,anonymous,EN,A3USP1ZP069KCK,"1,2",3,6,,,,,,,,,,,,,,,,,,,,,,,,,,,,,,,,,,,,,,,,,,,,,,,,,,,Mathematical functions that analyze data and produce a result.,,,,,,,,,,,,,,,,,,,,,,,,,,,,,,,,,,,,,,,,,,,,,,,,,,,,,,,,,,,,,,,,,,,,,,,,,,,,,,,,,,,,,,,,,,,,,,,,,,,,,,,,,,,,,,,,,,,,,,,,,5,"I think the algorithm will not have the same amount of bias as a human reviewer, but it will likely have a degree of bias from the programmer.",4,2,3,6,6,5,"I think Chris will distrust the algorithm and feel it's too impersonal, that he's up against a system that has no way of creating exceptions to the rule.",4,I believe the algorithm will find the candidates who meet the job specs in theory...though it might not be best for the department in actuality,1,,,,,,,,,,,,,1,,,,,,,,,,,,,,,,,,,,,,,,,,,,,,,,,,,,,,,,,,,,,,,,,2,31,1,4,2,1,3,
7/21/17 9:40,7/21/17 9:42,0,68.5.223.62,100,160,1,7/21/17 9:42,R_2q9FVNJ1Q38P9Cg,,,,,33.6053009,-117.7173004,anonymous,EN,A3FAURB3U6YND5,"1,2",3,6,,,,,,,,,,,,,,,,,,,,,,,,,,,,,,,,,,,,,,,,,,,,,,,,,,,,,,,,,,,,,,,,,,,,,,,,,,,,,,,,,,,,,,,,,,,,,,,,,,,,,,,,,,,,,,,,,,,,,,,,,,,,,,,,,,,,,,,,,,,,,,,,,,,,,,,,,,,,,,,,,,,,,,,,,,,,,,,,,,,,,,,,,,,,,,,,,,,,5,,,,,,,,,,,,,,,,,,,,,,,,,7,Why wouldn't you select top applicants?,7,7,7,1,1,1,"If Chris is a top applicant and his resume was chosen, he should be very pleased.",5,"I mean, I assume he knows what he's doing.",1,,,,,,,,,,,,,1,29,1,4,1,5,3,
7/21/17 9:34,7/21/17 9:42,0,104.152.104.33,100,524,1,7/21/17 9:42,R_2VOav196u3FWV6n,,,,,47.61450195,-122.3479996,anonymous,EN,A10GJ2FOR16B2I,"1,2",3,6,,,,,,,,,,,,,,,,,,,,,,,,,,,,,,,,,,,,,,,,,,,,,,,,,3,Algorithm reviews resumes while manager reviews personal statements.,Algorithms are sets of computer code designed to carry out an analysis-based task whose end result is not known.,,,,,,,,,,,,,,,,,,,,,,,,,,,,,,,,,,,,,,,,,,,,,,,,,,,,,,,,,,,,,,,,,,,,,,,,,4,I would need to see how the algorithm works.,1,1,1,7,7,7,The average person would feel less safe if the application process is not fully handled by a human.,4,As I said before I would need to see how the algorithm works.,1,,,,,,,,,,,,,,,,,,,,,,,,,,,,,,,,,,,,,,,,,,,,,,,,,,,,,,,,,,,,,,,,,,,,,,,,,,,,,,,,,,,,,,,,,,,,,,,,,,,,,,,,,,,,,,4,30,1,7,1,4,3,
7/21/17 9:34,7/21/17 9:42,0,174.50.196.157,100,497,1,7/21/17 9:42,R_qDa5ER59QDEutMd,,,,,37.01539612,-88.58049774,anonymous,EN,A1DT0H2EO194VS,"1,2",3,6,,,,,,,,,,,,,,,,,,,,,,,,,,,,,,,,,,,,,,,,,,,,,,,,,3,provide employee evaluation with input from both the manager and the algorithm,algorithms are evaluations based on computer data,,,,,,,,,,,,,,,,,,,,,,,,,,,,,,,,,,,,,,,,,,,,,,,,,,,,,,,,,,,,,,,,,,,,,,,,,,,,,,,,,,,,,3,"somewhat unfair to be evaluated by an unfeeling entity, especially if you don't know what the algorithm is based on",2,2,4,4,5,6,probably relies more on the results than the methods,3,would have to know a little more about the basis of the algorithm and the weight of each,1,,,,,,,,,,,,,,,,,,,,,,,,,,,,,,,,,,,,,,,,,,,,,,,,,,,,,,,,,,,,,,,,,,,,,,,,,,,,,,,,,,,,,,,,,,,,,,,,,,2,43,2,4,1,4,4,
7/21/17 9:34,7/21/17 9:43,0,97.78.251.230,100,508,1,7/21/17 9:43,R_ufUQJt7YnSN1Y1r,,,,,35.15499878,-119.0603027,anonymous,EN,A248G7WMC2OS7F,"1,2",3,6,,,,,,,,,,,,,6,I think this a fair way to schedule since it doesn't make sense to have him come in when not needed.,6,5,5,2,2,3,I think he would want to come in when it is busy so that the day goes by faster and he is being productive.,6,I think having the data to back up the scheduling proves that it works.,1,,,,,,,,,,,,,,,,,,,,,,,,,3,The manager used the algorithm to schedule his employee.,A solution to a question based on the data that is given.,,,,,,,,,,,,,,,,,,,,,,,,,,,,,,,,,,,,,,,,,,,,,,,,,,,,,,,,,,,,,,,,,,,,,,,,,,,,,,,,,,,,,,,,,,,,,,,,,,,,,,,,,,,,,,,,,,,,,,,,,,,,,,,,,,,,,,,,,,,,,,,,,,,,,,,,,,,,,,,,,,,,,,,,,,,,,,,,,,,,,,,,,,,,,,,,,,1,44,1,2,1,2,2,
7/21/17 9:34,7/21/17 9:43,0,184.158.87.188,100,562,1,7/21/17 9:43,R_cT4ONGCQ4CUixj3,,,,,43.90649414,-90.97550201,anonymous,EN,AUNKGVA9J7GQX,"1,2",3,6,,,,,,,,,,,,,,,,,,,,,,,,,,,,,,,,,,,,,,,,,,,,,,,,,,,Algorithms are mathematical equations designed to to make decisions based on the input of a number of variables.,,,,,,,,,,,,,,,,,,,,,,,,,,,,,,,,,,,,,,,,,,,,,,,,,,,,,,,,,,,,,,,,,,,,,,,,,,,,,,,,,,,,,,,,,,,,,,,,,,,,,,,,,,,,,7,"The algorithm was ultimately developed by the owners of the coffee shop, and they are free to schedule employees as they see fit.  To the extent that the algorithm does not work properly, it could be adjusted as needed.",6,4,4,2,1,2,"If Chris has indicated availability during the time selected by the algorithm, he should be pleased that he's being scheduled according to his availability, and that there is sufficient business to warrant his work on that day.",6,"As indicated earlier, there are some very real considerations that went into the writing of the algorithm, such as determined availability of employees, and anticipated business on a given day.  If theer is a mismatch in either of these variables, and that mismatch can be determined to be consistent, than the algorithm can be adjusted.",1,,,,,,,,,,,,,,,,,,,,,,,,,1,,,,,,,,,,,,,,,,,,,,,,,,,,,,,,,,,,,,,,,,,,,,,,,,,3,50,2,6,1,1,2,
7/21/17 9:34,7/21/17 9:43,0,68.117.69.139,100,571,1,7/21/17 9:43,R_2QKRlHIRD1v5F5G,,,,,44.13079834,-94,anonymous,EN,A31Z54PHZF1JKU,"1,2",3,6,,,,,,,,,,,,,,,,,,,,,,,,,,,,,,,,,,,,,,,,,,,,,,,,,3,the manager uses the algorithm to find scan through peoples resumes. he can change the algorithm to narrow down more specific criterea.,a computer based series of criteria that is searching for specific things. it can scan a lot of information very quickly and narrow down its searches.,,,,,,,,,,,,,,,,,,,,,,,,,5,it is somewhat fair because the company is looking for certain criteria from people. but its also unfair because it doesnt give everyone an equal chance to prove themselves in an interview.,5,4,5,4,2,5,its hard to know what he is really feeling but if his resume does get approved im sure he will be happy,4,algorithms can always miss some very good canidates in my opinion,1,,,,,,,,,,,,,,,,,,,,,,,,,,,,,,,,,,,,,,,,,,,,,,,,,,,,,,,,,,,,,,,,,,,,,,,,,,,,,,,,,,,,,,,,,,,,,,,,,,,,,,,,,,,,,,,,,,,,,,,,,,,,,,,,,,,,,,,,,,,,,,,,,,,,,,,,,,,,,,1,28,2,3,1,3,3,
7/21/17 9:35,7/21/17 9:44,0,174.194.20.157,100,524,1,7/21/17 9:44,R_3kijUXyN8t5i5Dg,,,,,35.77209473,-78.63860321,anonymous,EN,A22XXEKKEV78L2,"1,2",3,6,,,,,,,,,,,,,,,,,,,,,,,,,,,,,,,,,,,,,,,,,,,,,,,,,3,"The manager adjusts the algorithm, and the algorithm analyzes the data to produce task assignments based on need for factory production.","They are, effectively, a program that accepts data, processes the data through a series of rules or calculations, and outputs data from the analysis.",6,"The algorithm uses historical data to assess the need for maintenance activities, and while the manager can adjust the rules, the algorithm will likely produce a fair task for Chris based on the data provided, as long as the manager does not enter false or biased data.",5,5,5,3,3,2,"Unless the manager is falsely adjusting the algorithm, Chris can rest easy that the assigned task is necessary for uninterrupted function of the factory equipment, and was chosen for the next task due to it's importance to continuous production.",6,"The algorithm will only analyze data available for analysis.  Provided the data is valid and accurate, one can trust the algorithm to produce quality decisions.",1,,,,,,,,,,,,,,,,,,,,,,,,,,,,,,,,,,,,,,,,,,,,,,,,,,,,,,,,,,,,,,,,,,,,,,,,,,,,,,,,,,,,,,,,,,,,,,,,,,,,,,,,,,,,,,,,,,,,,,,,,,,,,,,,,,,,,,,,,,,,,,,,,,,,,,,,,,,,,,,,,,,,,,,,,,,,,,,,,,,,,,2,36,1,5,1,3,1,
7/21/17 9:33,7/21/17 9:44,0,50.235.14.20,100,634,1,7/21/17 9:44,R_2ZBOuKCmCidchOm,,,,,41.11079407,-112.026001,anonymous,EN,A1N39UO5JDTIBH,"1,2",3,6,,,,,,,,,,,,,,,,,,,,,,,,,,,,,,,,,,,,,,,,,,,,,,,,,3,The manager puts the algorithm in place. The algorithm reports results to the manager. The manager decides performance based on results.,Specific rules that are folowed in calculations.,,,,,,,,,,,,,,,,,,,,,,,,,,,,,,,,,,,,,,,,,,,,,,,,,,,,,,,,,,,,,,,,,,,,,,,,,,,,,,,,,,,,,4,People who call into customer service usually aren't happy. Taking subjective (perhaps unfair) coments from customers and putting them into an algorithm could develop a pattern but it's hard to say that it's indicitive of the Chris's performance. ,3,2,3,5,2,6,I'd be frustrated in a situation where a questionable algorithm is deciding how well I'm doing.,2,Subjective data in an objective algorithm doesn't leave me trusting it much.,1,,,,,,,,,,,,,,,,,,,,,,,,,,,,,,,,,,,,,,,,,,,,,,,,,,,,,,,,,,,,,,,,,,,,,,,,,,,,,,,,,,,,,,,,,,,,,,,,,,1,27,2,3,1,4,4,
7/21/17 9:37,7/21/17 9:44,0,104.172.128.4,100,434,1,7/21/17 9:44,R_2ZOKnu3HANBDyYG,,,,,34.19799805,-119.1725998,anonymous,EN,A1S4RFBRB0QH1G,"1,2",3,6,,,,,,,,,,,,,,,,,,,,,,,,,,,,,,,,,,,,,,,,,,,,,,,,,,,,,,,,,,,,,,,,,,,,,,,,,,,,,,,,,,,,,,,,,,,,,,,,,,,,,,,,,,,,,,,,,,,,,,,,,,,,,,,,,,,,,,,,,,,,,,,,,,,,,,,,,,,,,,,,,,,,,,,,,,,,,,,,,,,,,,,,,,,,,,,,,,,,5,,,,,,,,,,,,,6,The manager is giving hours to Chris that are beneficial to him ,6,4,5,3,2,2,"Chris shouldn't be too upset, morning shifts are harder but a job is a job.",4,"Some managers can be jerks, if he didn't like Chris he could be giving him a bunk schedule.",1,,,,,,,,,,,,,,,,,,,,,,,,,1,28,1,3,3,5,2,
7/21/17 9:41,7/21/17 9:44,0,204.62.59.186,100,215,1,7/21/17 9:44,R_9U0XgBZ3ctMlVtL,,,,,38.23570251,-84.959198,anonymous,EN,A1PGI3MHP9JZL4,"1,2",3,6,,,,,,,,,,,,,,,,,,,,,,,,,,,,,,,,,,,,,,,,,,,,,,,,,,,process or set of rules to be followed in calculations or other problem,,,,,,,,,,,,,,,,,,,,,,,,,,,,,,,,,,,,,,,,,,,,,,,,,,,,,,,,,,,,,,,,,,,,,,,,,,,,,,,,,,,,,,,,,,,,,,,,,,,,,,,,,,,,,,,,,,,,,,,,,,,,,,,,,,,,,4,sometimes it is and sometimes its not but equals out,4,4,4,4,4,4,could go either way,1,should be more personal,1,1,,,,,,,,,,,,,,,,,,,,,,,,,,,,,,,,,,,,,,,,,,,,,,,,,1,38,2,5,1,1,4,
7/21/17 9:35,7/21/17 9:44,0,173.31.255.207,100,562,1,7/21/17 9:44,R_2ePwOTCZbZGNBE9,,,,,30.8717041,-83.33339691,anonymous,EN,A1R2IY8ITXNPE4,"1,2",3,6,,,,,,,,,,,,,,,,,,,,,,,,,,,,,,,,,,,,,,,,,,,,,,,,,,,Algorithms are different rules or sets of rules that calculate an end result from information.,,,,,,,,,,,,,,,,,,,,,,,,,,,,,,,,,,,,,,,,,,,,,,,,,,,,,,,,,,,,,,,,,,,,,,,,,,,,,,,,,,,,,,,,,,,,,,,,,,,,,,,,,,,,,,,,,,,,,,,,,,,,,,,,,,,,,5,I am sure it can have it's up and downs but I could see the justification for the company needing a way to evaluate employee performance.,3,3,4,4,2,5,I don't think he would be particularly mad or happy about the algorithm evaluation but just annoyed or frustrated at it sometimes at most.,4,I am sure the algorithm mostly evaluates information fairly well but there is no way to say that it's judgement is infallible.,1,1,,,,,,,,,,,,,,,,,,,,,,,,,,,,,,,,,,,,,,,,,,,,,,,,,1,32,1,3,1,1,4,
7/21/17 9:41,7/21/17 9:45,0,73.200.197.36,100,260,1,7/21/17 9:45,R_3Q0lYxMpFDEnkhN,,,,,38.8789978,-76.9897995,anonymous,EN,A36DDHDQ56N60C,"1,2",3,6,,,,,,,,,,,,,,,,,,,,,,,,,,,,,,,,,,,,,,,,,,,,,,,,,3,The algorithm selects candidates for the manager to interview,Algorithms are computer programs that select candidates based on pre-existing criteria,,,,,,,,,,,,,,,,,,,,,,,,,5,"Well, for a large company that can be the only practical way to weed through potentially thousands of resumes, but there is a slight unfair component in that some people may know better how to pass the algorithm checks",2,2,2,5,5,6,It's very frustrating to think that your personal responses and writings will only be evaluated for keywords by a computer instead of being read by a fellow human being.,2,Because it is a computer and therefore can't really respond well to the subtle nuances of top candidates.,1,,,,,,,,,,,,,,,,,,,,,,,,,,,,,,,,,,,,,,,,,,,,,,,,,,,,,,,,,,,,,,,,,,,,,,,,,,,,,,,,,,,,,,,,,,,,,,,,,,,,,,,,,,,,,,,,,,,,,,,,,,,,,,,,,,,,,,,,,,,,,,,,,,,,,,,,,,,,,,1,30,1,5,1,3,3,
7/21/17 9:34,7/21/17 9:46,0,73.231.19.114,100,721,1,7/21/17 9:46,R_22ExFQfS97lfnHM,,,,,34.60450745,-120.397995,anonymous,EN,A41HU62H5MR58,"1,2",3,6,,,,,,,,,,,,,,,,,,,,,,,,,,,,,,,,,,,,,,,,,,,,,,,,,3,The manager checked the machinery and inputs info and the algorithm analyzes the data to determine if the machine needs maintenance ,A computer programs to solve/fix things ,,,,,,,,,,,,,,,,,,,,,,,,,,,,,,,,,,,,,,,,,,,,,,,,,7,If it is part of Chris' job to check and work on the machinery and both the algorithm and manager say it needs maintenance then it is just part of his job and is fair.,3,3,4,2,2,2,"I don't think he would feel any negative feelings but I also don't think he'd necessarily feel any happy ones either. I would probably just feel indifferent towards the situation, unless there was some other past factors.",6,Usually they can detect things very soon.,1,,,,,,,,,,,,,,,,,,,,,,,,,,,,,,,,,,,,,,,,,,,,,,,,,,,,,,,,,,,,,,,,,,,,,,,,,,,,,,,,,,,,,,,,,,,,,,,,,,,,,,,,,,,,,,,,,,,,,,,,,,,,,,,,,,,,,,1,32,1,4,1,4,1,
7/21/17 9:42,7/21/17 9:46,0,173.217.105.151,100,219,1,7/21/17 9:46,R_12anCTSQaAWLJ7J,,,,,32.70809937,-93.2779007,anonymous,EN,A3FPXLLF0B8CIC,"1,2",3,6,,,,,,,,,,,,,,,,,,,,,,,,,,,,,,,,,,,,,,,,,,,,,,,,,3,manager also manages employees in addition to scheduling,computer progreams that follow a set of rules,,,,,,,,,,,,,,,,,,,,,,,,,,,,,,,,,,,,,,,,,,,,,,,,,,,,,,,,,,,,,6,Employee scheduling has to ensure an adequate number are on hand at a given time,5,5,6,2,2,2,He probably prefers the morning shift,6,most alorithms work well,1,,,,,,,,,,,,,,,,,,,,,,,,,,,,,,,,,,,,,,,,,,,,,,,,,,,,,,,,,,,,,,,,,,,,,,,,,,,,,,,,,,,,,,,,,,,,,,,,,,,,,,,,,,,,,,,,,,,,,,,,,,2,34,2,5,2,4,2,
7/21/17 9:39,7/21/17 9:46,0,50.5.54.60,100,403,1,7/21/17 9:46,R_p0MrzUQuv2R2jpT,,,,,39.06570435,-84.52899933,anonymous,EN,A1MJFW27HXR76D,"1,2",3,6,,,,,,,,,,,,,,,,,,,,,,,,,,,,,,,,,,,,,,,,,,,,,,,,,,,"Its just a calculator, might be mathematical or logical.  You plug in details, it'll automatically produce/calculate a result.",,,,,,,,,,,,,,,,,,,,,,,,,,,,,,,,,,,,,,,,,,,,,,,,,,,,,,,,,,,,,,,,,,,,,,,,,,,,,,,,,,,,,,,,,,,,,,,,,,,,,,,,,,,,,4,Whether a computer makes a decision or a person makes a decision doesn't make it any more or less fair and absent more information I can't say if its fair or not.,4,4,4,3,3,3,"He's available in the morning, so I doubt he will be mad he got scheduled to work in the morning, but he probably doesn't feel super happy about working: so i put mostly neutral responses.",3,"The algorithm wont play favorites, so i can trust it a little bit there, but it might not factor in other aspects.",1,,,,,,,,,,,,,,,,,,,,,,,,,1,,,,,,,,,,,,,,,,,,,,,,,,,,,,,,,,,,,,,,,,,,,,,,,,,3,29,2,3,2,1,2,
7/21/17 9:39,7/21/17 9:46,0,174.111.61.7,100,460,1,7/21/17 9:46,R_5vjrGfUKea5iSuR,,,,,36.11720276,-80.07649994,anonymous,EN,A1RW6RIF1MT2YT,"1,2",3,6,,,,,,,,,,,,,,,,,,,,,,,,,3,Computer algorithm won't see the personality traits or interaction that conversation would pick up. ,5,4,5,1,2,4,If based on the algorithm he misses the opportunity he might be upset. ,4,I am not 100% confident in computer's decision for the best candidate. ,1,,,,,,,,,,,,,3,Computer alogrithm grades the statements and resumes and manager picks the top rated candidates for the interviews.,Formulas or set of rules. ,,,,,,,,,,,,,,,,,,,,,,,,,,,,,,,,,,,,,,,,,,,,,,,,,,,,,,,,,,,,,,,,,,,,,,,,,,,,,,,,,,,,,,,,,,,,,,,,,,,,,,,,,,,,,,,,,,,,,,,,,,,,,,,,,,,,,,,,,,,,,,,,,,,,,,,,,,,,,,,,,,,,,,,,,,,,,,,,,,,,,,,,,,,,,,,,,,2,51,2,5,1,2,3,
7/21/17 9:43,7/21/17 9:46,0,24.211.155.199,100,228,1,7/21/17 9:46,R_24CRVog4KxZNv0Q,,,,,35.94999695,-78.96160126,anonymous,EN,A121XHPQ7XU0X5,"1,2",3,6,,,,,,,,,,,,,,,,,,,,,,,,,,,,,,,,,,,,,,,,,,,,,,,,,,,,,,,,,,,,,,,,,,,,,,,,,,,,,,,,,,,,,,,,,,,,,,,,,,,,,,,,,,,,,,,,,,,,,,,,,,,,,,,,,,,,,,,,,,,,,,,,,,,,,,,,,,,,,,,,,,,,,,,,,,,,,,,,,,,,,,,,,,,,,,,,,,,,5,,,,,,,,,,,,,6,"Chris provided the times he was available, assuming he put that he was available mornings, the manager has the right to schedule Chris based on the needs of the cafe. ",6,5,5,1,1,1,Chris gets to work. He is happy.,6,The manager has been given the authority to make decisions about scheduling. He should be trusted to exercise that authority. ,1,,,,,,,,,,,,,,,,,,,,,,,,,2,28,2,5,1,5,2,
7/21/17 9:41,7/21/17 9:46,0,69.40.59.58,100,312,1,7/21/17 9:46,R_2aRfMTyUdOVSUzd,,,,,38.13459778,-84.4957962,anonymous,EN,A1MTRZDRKNB9GV,"1,2",3,6,,,,,,,,,,,,,,,,,,,,,,,,,,,,,,,,,,,,,4,I think it could go either way on this depending on the customer,5,3,5,4,2,4,he could have many feeling about this and what would be going on during the analysis,5,I think he would look at it with reason and allow some things ,1,3,"the role of the manager was to analysis data , the algorithm sets up the data to go over ",things that have set up for it to check like costumers complaint s,,,,,,,,,,,,,,,,,,,,,,,,,,,,,,,,,,,,,,,,,,,,,,,,,,,,,,,,,,,,,,,,,,,,,,,,,,,,,,,,,,,,,,,,,,,,,,,,,,,,,,,,,,,,,,,,,,,,,,,,,,,,,,,,,,,,,,,,,,,,,,,,,,,,,,,,,,,,,,,,,,,,,,,,,,,,,,,,,,,,,,,,,,,,,,,,,,2,55,1,4,1,2,4,
7/21/17 9:35,7/21/17 9:48,0,69.155.109.55,100,735,1,7/21/17 9:48,R_C3LTNYfZrXD20RX,,,,,29.83230591,-95.37650299,anonymous,EN,A11J2OPH9ZX9X5,"1,2",3,6,,,,,,,,,,,,,,,,,,,,,,,,,,,,,,,,,,,,,,,,,,,,,,,,,,,,,,,,,,,,,,,,,,,,,,,,,,,,,,,,,,,,,,,,,,,,,,,,,,,,,,,,,,,,,,,,,,,,,,,,,,,,,,,,,,,,,,,,,,,,,,,,,,,,,,,,,,,,,,,,,,,,,,,,,,,,,,,,,,,,,,,,,,,,,,,,,,,,5,,,,,,,,,,,,,,,,,,,,,,,,,,,,,,,,,,,,,6,While a person is at work for a company the manager has the right to evaluate the employee at ANY time ,1,2,1,5,6,7,He would have negative feelings because he thought he was being micro managed,4,most managers judge a little too harshly and are naturally untrusting,1,3,25,2,5,2,5,4,
7/21/17 9:41,7/21/17 9:48,0,174.25.104.11,100,380,1,7/21/17 9:48,R_3GddDmdo1xUQWO1,,,,,45.62010193,-122.5774994,anonymous,EN,A1RJ5MKFHLTA9T,"1,2",3,6,,,,,,,,,,,,,,,,,,,,,,,,,,,,,,,,,,,,,,,,,,,,,,,,,1,The manager monitors and adjusts the algorithm but the algorithm has the final say in the process of scheduling.,I think algorithms are a computer program that factors in whatever information you provide it and give back the best answer based on the information provided.,,,,,,,,,,,,,6,The algorithm takes what availability Chris has and the needs of the coffee shop and figures out what hours to schedule him.  I think it is fair because it takes both Chris's needs and the coffee shop's needs and figures out the best shift for both of them.,6,6,5,3,3,3,"Chris's availability was factored into the scheduling so he should be happy.  They didn't just assign him a schedule per the coffee shop's needs, they actually listened to him.",6,It is a computer and not a person making the scheduling decision.  It isn't biased.,1,,,,,,,,,,,,,,,,,,,,,,,,,,,,,,,,,,,,,,,,,,,,,,,,,,,,,,,,,,,,,,,,,,,,,,,,,,,,,,,,,,,,,,,,,,,,,,,,,,,,,,,,,,,,,,,,,,,,,,,,,,,,,,,,,,,,,,,,,,,,,,,,,,,,,,,,,,,,,,,,,,,,,,,,,,1,38,1,3,1,3,2,
7/21/17 9:43,7/21/17 9:48,0,135.26.161.194,100,335,1,7/21/17 9:48,R_8uBR5tpbIiy1cUV,,,,,39.40840149,-88.80439758,anonymous,EN,A1RVMADIZE3BXK,"1,2",3,6,,,,,,,,,,,,,,,,,,,,,,,,,,,,,,,,,,,,,,,,,,,,,,,,,,,Algorithms are programs/trackers that determine certain outcomes in certain situations based upon what they were programmed to do.,,,,,,,,,,,,,,,,,,,,,,,,,,,,,,,,,,,,,,,,,,,,,,,,,,,,,,,,,,,,,,,,,,,,,,,,,,,,,,,,,,,,,,,,,,,,,,,,,6,The algorithm chose at random and Chris is qualified.,4,4,4,3,3,3,I think Chris would feel somewhat indifferent about the task.  It is a job that needs to be done.,5,I think the algorithm was more than likely designed to make the best decisions in each given situation.,1,,,,,,,,,,,,,,,,,,,,,,,,,,,,,,,,,,,,,1,,,,,,,,,,,,,,,,,,,,,,,,,,,,,,,,,,,,,,,,,,,,,,,,,1,33,1,4,1,1,1,
7/21/17 9:39,7/21/17 9:49,0,107.196.115.57,100,549,1,7/21/17 9:49,R_2ysDB9xOPxpwmdK,,,,,34.82009888,-86.87709808,anonymous,EN,A1ZEHBMQ2P0QRW,"1,2",3,6,,,,,,,,,,,,,,,,,,,,,,,,,,,,,,,,,,,,,,,,,,,,,,,,,1,The algorithm selects the top applicants and the manager looks through personal statements.,Computerized processes that weed through paperwork by looking for key words or phrases. ,,,,,,,,,,,,,,,,,,,,,,,,,,,,,,,,,,,,,,,,,,,,,,,,,,,,,,,,,,,,,,,,,,,,,,,,,7,It's very fair because it finds the most qualified candidates to be screened onsite. It doesn't make sense for managers to be sorting through resumes all the time that may not have people that are qualified for the jobs they are applying for. ,6,6,6,3,2,3,"As long as Chris is qualified, I don't believe he would mind this occuring and I would hope he would only want jobs in which he was qualified and would excel. ",5,I don't always trust computers and their processes 100%.,1,,,,,,,,,,,,,,,,,,,,,,,,,,,,,,,,,,,,,,,,,,,,,,,,,,,,,,,,,,,,,,,,,,,,,,,,,,,,,,,,,,,,,,,,,,,,,,,,,,,,,,,,,,,,,,2,33,1,4,1,4,3,
7/21/17 9:38,7/21/17 9:49,0,4.16.172.134,100,678,1,7/21/17 9:49,R_01wl0IVInDhazBL,,,,,45.5072937,-122.6931992,anonymous,EN,A36W7RZROOARHJ,"1,2",3,6,6,It seems unbiased.,4,4,4,4,4,4,I think Chris would feel mostly neutral.,5,I think he will stay mostly unbiased.,1,,,,,,,,,,,,,,,,,,,,,,,,,,,,,,,,,,,,,3,The manger assigned humans to monitor the components the algorithm thought would have maintenance issues.,Mathmatical formulas using multiple variables.,,,,,,,,,,,,,,,,,,,,,,,,,,,,,,,,,,,,,,,,,,,,,,,,,,,,,,,,,,,,,,,,,,,,,,,,,,,,,,,,,,,,,,,,,,,,,,,,,,,,,,,,,,,,,,,,,,,,,,,,,,,,,,,,,,,,,,,,,,,,,,,,,,,,,,,,,,,,,,,,,,,,,,,,,,,,,,,,,,,,,,,,,,,,,,,,,,1,37,2,5,1,2,1,
7/21/17 9:37,7/21/17 9:50,0,162.225.152.241,100,772,1,7/21/17 9:50,R_3gNwBLvUpWCoJv6,,,,,38.8125,-90.35009766,anonymous,EN,A24U7XTFENX96C,"1,2",3,6,,,,,,,,,,,,,,,,,,,,,,,,,,,,,,,,,,,,,,,,,,,,,,,,,3,"The manager analyzed the personal statement, while the algorithm chose the top applicants from their resumes. From there on-site interviews were scheduled.",A computer program that analyzes information using specific keywords.,,,,,,,,,,,,,,,,,,,,,,,,,,,,,,,,,,,,,,,,,,,,,,,,,,,,,,,,,,,,,,,,,,,,,,,,,5,"It seems fair to use an algorithm to find people that meet specific qualifications. However, not giving the whole resume consideration seems slightly unfair. The algorithm cannot take in everything that a human can.",3,3,3,4,3,4,"I don't think Chris would have any positive feelings about this process, but I don't think he'd feel strongly negative ones either. ",3,"As I noted before, simply flagging keywords can result in a good candidate falling through the cracks.",1,,,,,,,,,,,,,,,,,,,,,,,,,,,,,,,,,,,,,,,,,,,,,,,,,,,,,,,,,,,,,,,,,,,,,,,,,,,,,,,,,,,,,,,,,,,,,,,,,,,,,,,,,,,,,,1,38,1,5,1,4,3,
7/21/17 9:34,7/21/17 9:50,0,184.155.9.64,100,1002,1,7/21/17 9:50,R_2woFhNZ2wiIJOwH,,,,,30.4730072,-89.1493988,anonymous,EN,A3UPZ88FI1EJC,"1,2",3,6,,,,,,,,,,,,,,,,,,,,,,,,,,,,,,,,,,,,,,,,,,,,,,,,,3,The algorithm chose the hours and times the employees would work based on the information it has.The manager's role was to pay attention to the amount of customers each day so the algorithm could create his schedule.,Computer programs made up of a specific set of information used to solve problems.,,,,,,,,,,,,,,,,,,,,,,,,,,,,,,,,,,,,,,,,,,,,,,,,,,,,,,,,,,,,,6,"If the algorithm is efficient, then I do not see how it could be unfair at all.",5,4,4,3,3,3,"I have no reason to believe why he would feel frustrated, or upset about anything. I can see how he would be somewhat happy, but not quite joyful and proud.",5,"Again, I have no reason to believe the alogrithm does not do a good job, or I would assume the coffee shop would no longer be using it.",1,,,,,,,,,,,,,,,,,,,,,,,,,,,,,,,,,,,,,,,,,,,,,,,,,,,,,,,,,,,,,,,,,,,,,,,,,,,,,,,,,,,,,,,,,,,,,,,,,,,,,,,,,,,,,,,,,,,,,,,,,,1,29,1,4,1,4,2,
7/21/17 9:34,7/21/17 9:51,0,173.217.6.56,100,1005,1,7/21/17 9:51,R_2aetNQZvx7kv7Qo,,,,,32.56950378,-93.69229889,anonymous,EN,A30RAYNDOWQ61S,"1,2",3,6,,,,,,,,,,,,,,,,,,,,,,,,,,,,,,,,,,,,,,,,,,,,,,,,,3,The manager gave input and the algorithm made the final quality task assignments.,a set of rules that govern an operation or function.,,,,,,,,,,,,,,,,,,,,,,,,,,,,,,,,,,,,,,,,,,,,,,,,,6,It seems fair based on best practices for the factory to use the algorithm to assign the task. The algorithm may be less prone to human error or bias.,5,4,4,3,2,2,"His feelings would be positive, having a job to do and believing the assignment of the task was well made.",6,"I trust that the many decisions made by humans programming the algorithm resulted in a product that has the expertise and understanding, combined with the manager's input, to make the best decision on task assignments.",1,,,,,,,,,,,,,,,,,,,,,,,,,,,,,,,,,,,,,,,,,,,,,,,,,,,,,,,,,,,,,,,,,,,,,,,,,,,,,,,,,,,,,,,,,,,,,,,,,,,,,,,,,,,,,,,,,,,,,,,,,,,,,,,,,,,,,,1,54,2,3,1,4,1,
7/21/17 9:44,7/21/17 9:52,0,24.90.180.91,100,486,1,7/21/17 9:52,R_1r0qRV8eAHgX5qM,,,,,40.76539612,-73.81739807,anonymous,EN,A1CE2XPYCDRHVZ,"1,2",3,6,,,,,,,,,,,,,,,,,,,,,,,,,,,,,,,,,,,,,,,,,,,,,,,,,3,The algorithm gathers data and evaluates the output; the manager evaluates the algorithm.,programs that evaluate data,,,,,,,,,,,,,,,,,,,,,,,,,,,,,,,,,,,,,5,Much of Chris's job involves working with computers and their output either exists or it doesn't.  Technical evaluations are fait.,5,3,4,5,2,5,"He might be pleased overall, but have identified some computer glitches that hold him back.",5,It is largely objective but doesn't account for crashing or other glitches.,1,,,,,,,,,,,,,,,,,,,,,,,,,,,,,,,,,,,,,,,,,,,,,,,,,,,,,,,,,,,,,,,,,,,,,,,,,,,,,,,,,,,,,,,,,,,,,,,,,,,,,,,,,,,,,,,,,,,,,,,,,,,,,,,,,,,,,,,,,,,,,,,,,,2,41,1,5,1,3,4,
7/21/17 9:50,7/21/17 9:54,0,98.215.140.99,100,267,1,7/21/17 9:54,R_1gOdRB1B2w7nSFI,,,,,40.9420929,-90.37799835,anonymous,EN,ALM8YFO0272UR,"1,2",3,6,,,,,,,,,,,,,,,,,,,,,,,,,,,,,,,,,,,,,,,,,,,,,,,,,3,The manager reviewed past call recording while the algorithm reviewed customer comments to evaluate the worker,Mathematical functions used to perform a task,,,,,,,,,,,,,,,,,,,,,,,,,,,,,,,,,,,,,,,,,,,,,,,,,,,,,,,,,,,,,,,,,,,,,,,,,,,,,,,,,,,,,6,If it was just the algorithm it wouldn't be fair but since the manager is doing part as well then it seems ok.,4,3,4,4,5,5,He might be a little upset that something not human is evaluating him,5,If the company uses it it must work somewhat well,1,,,,,,,,,,,,,,,,,,,,,,,,,,,,,,,,,,,,,,,,,,,,,,,,,,,,,,,,,,,,,,,,,,,,,,,,,,,,,,,,,,,,,,,,,,,,,,,,,,1,20,2,4,1,4,4,
7/21/17 9:42,7/21/17 9:55,0,173.171.47.111,100,766,1,7/21/17 9:55,R_vYzpMeZSke1JnRT,,,,,27.90029907,-82.30239868,anonymous,EN,A3IBAQLCOPU6BH,"1,2",3,6,,,,,,,,,,,,,,,,,,,,,,,,,,,,,,,,,,,,,5,It somewhat fair because the manager is analyzing the results before coming to an conclusion. ,3,3,3,5,5,6,I think Chris would be annoyed because there are many factors to explained a customer tone that Chris has no control over.,4,It hard come to a conslution with out more details but hopefully the manager understand all the factors when evaluating tone. ,1,3,The algorithm judge the calls and comments and the manager uses that to evaluate Chris. ,a process to sort and label things. ,,,,,,,,,,,,,,,,,,,,,,,,,,,,,,,,,,,,,,,,,,,,,,,,,,,,,,,,,,,,,,,,,,,,,,,,,,,,,,,,,,,,,,,,,,,,,,,,,,,,,,,,,,,,,,,,,,,,,,,,,,,,,,,,,,,,,,,,,,,,,,,,,,,,,,,,,,,,,,,,,,,,,,,,,,,,,,,,,,,,,,,,,,,,,,,,,,3,33,1,5,1,2,4,
7/21/17 9:54,7/21/17 9:58,0,67.246.238.76,100,269,1,7/21/17 9:58,R_26mqFmOIY1emkaE,,,,,43.14120483,-77.63279724,anonymous,EN,A3MBYCF9YZGFKD,"1,2",3,6,,,,,,,,,,,,,,,,,,,,,,,,,6,"He didn't target chris personally, as long as the algorithm targets characteristics that are legal then there is no problem.",2,2,2,4,4,4,He didn't get a interview and that happens. It'll make him sad and then he'll keep trying. If he got a interview and then had a computer decide I think he'd feel helpless.,5,I don't have a problem with it,1,,,,,,,,,,,,,3,The managers job was to listen to the algorithms decisions.,Algorithms are a set of rules designed to accomplish a task repeatedly ,,,,,,,,,,,,,,,,,,,,,,,,,,,,,,,,,,,,,,,,,,,,,,,,,,,,,,,,,,,,,,,,,,,,,,,,,,,,,,,,,,,,,,,,,,,,,,,,,,,,,,,,,,,,,,,,,,,,,,,,,,,,,,,,,,,,,,,,,,,,,,,,,,,,,,,,,,,,,,,,,,,,,,,,,,,,,,,,,,,,,,,,,,,,,,,,,,2,31,2,3,2,2,3,
7/21/17 9:56,7/21/17 10:00,0,99.17.45.160,100,249,1,7/21/17 10:00,R_3L10MAEhKXCUPdd,,,,,35.23300171,-97.41220093,anonymous,EN,A30YUB0WTMKX73,"1,2",3,6,,,,,,,,,,,,,,,,,,,,,,,,,,,,,,,,,,,,,,,,,,,,,,,,,3,Both the manager and algorithm evaluated Chris' responses and his performance.,I think that algorithms are specific sets of instructions carried out by a computer.,,,,,,,,,,,,,,,,,,,,,,,,,,,,,,,,,,,,,,,,,,,,,,,,,,,,,,,,,,,,,,,,,,,,,,,,,,,,,,,,,,,,,1,I don't think an algorithm can accurately evaluate a human response or human performance.,1,1,1,7,7,7,I think that Chris would find it to be extremely frustrating that an algorithm was evaluating his performance.,1,"As I said above, I don't feel that a computer algorithm could accurately evaluate human performance.",1,,,,,,,,,,,,,,,,,,,,,,,,,,,,,,,,,,,,,,,,,,,,,,,,,,,,,,,,,,,,,,,,,,,,,,,,,,,,,,,,,,,,,,,,,,,,,,,,,,3,27,2,5,1,4,4,
7/21/17 9:54,7/21/17 10:01,0,184.99.242.16,100,424,1,7/21/17 10:01,R_3j3erk8wiPOJPEk,,,,,39.73199463,-104.983902,anonymous,EN,A2W46GI83TICBR,"1,2",3,6,,,,,,,,,,,,,,,,,,,,,,,,,,,,,,,,,,,,,,,,,,,,,,,,,,,"Programs designed by humans to analyze data input and create a response in result. Essentially: If A --&gt; B, if B--&gt;C etc. ",,,,,,,,,,,,,,,,,,,,,,,,,,,,,,,,,,,,,,,,,,,,,,,,,,,,,,,,,,,,,,,,,,,,,,,,,,,,,,,,,,,,,,,,,,,,,,,,,7,The algorithm is assigning the task based on past data. It has no personal input to the matter.,2,2,2,2,2,2,I don't think Chris would have any strong feelings about this. Getting the assignment is part of his job. ,6,It is a program designed by humans with data from the past. It is likely fairly accurate and should be checked in the event of consistent accuracy.  ,1,,,,,,,,,,,,,,,,,,,,,,,,,,,,,,,,,,,,,1,,,,,,,,,,,,,,,,,,,,,,,,,,,,,,,,,,,,,,,,,,,,,,,,,1,34,1,5,7,1,1,
7/21/17 9:59,7/21/17 10:01,0,107.77.219.32,100,142,1,7/21/17 10:01,R_1LIGD2dgTwigREW,,,,,32.29879761,-90.18479919,anonymous,EN,A1LJGU5YKVCRYK,"1,2",3,6,,,,,,,,,,,,,,,,,,,,,,,,,,,,,,,,,,,,,,,,,,,,,,,,,,,,,,,,,,,,,,,,,,,,,,,,,,,,,,,,,,,,,,,,,,,,,,,,,,,,,,,,,,,,,,,,,,,,,,,,,,,,,,,,,,,,,,,,,,,,,,,,,,,,,,,,,,,,,,,,,,,,,,,,,,,,,,,,,,,,,,,,,,,,,,,,,,,,5,6,The manager is supposed to delegate tasks. ,4,4,5,2,1,2,"It's Chris's job to do the assigned task, he shouldn't be mad about it. ",7,He seems to be doing his job. ,1,,,,,,,,,,,,,,,,,,,,,,,,,,,,,,,,,,,,,1,31,2,3,1,5,1,
7/21/17 9:56,7/21/17 10:01,0,72.168.145.249,100,324,1,7/21/17 10:01,R_1nVEA9VcVGLsm2F,,,,,34.74650574,-92.28959656,anonymous,EN,A1DQFIS6LDBR4S,"1,2",3,6,,,,,,,,,,,,,,,,,,,,,,,,,,,,,,,,,,,,,,,,,,,,,,,,,,,,,,,,,,,,,,,,,,,,,,,,,,,,,,,,,,,,,,,,,,,,,,,,,,,,,,,,,,,,,,,,,,,,,,,,,,,,,,,,,,,,,,,,,,,,,,,,,,,,,,,,,,,,,,,,,,,,,,,,,,,,,,,,,,,,,,,,,,,,,,,,,,,,5,,,,,,,,,,,,,,,,,,,,,,,,,,,,,,,,,,,,,7,It was stated that it was the managers job to evaluate her employees.,4,4,4,1,1,1,Chris should be compliant.,4,I would have to know more about the manager.,1,1,41,1,3,1,5,4,
7/21/17 9:49,7/21/17 10:02,0,174.97.245.118,100,818,1,7/21/17 10:02,R_3ndEbE3VkHXwEmE,,,,,39.3578949,-87.42449951,anonymous,EN,A36MOV8E6SYHCR,"1,2",3,6,,,,,,,,,,,,,,,,,,,,,,,,,,,,,,,,,,,,,,,,,,,,,,,,,,,,,,,,,,,,,,,,,,,,,,,,,,,,,,,,,,,,,,,,,,,,,,,,,,,,,,,,,,,,,,,,,,,,,,,,,,,,,,,,,,,,,,,,,,,,,,,,,,,,,,,,,,,,,,,,,,,,,,,,,,,,,,,,,,,,,,,,,,,,,,,,,,,,5,6,the manager trusts chris,5,5,6,4,2,4,"chris likely wants to be the manager someday, so this is a test at his skillset",6,the manager sees something good in chris,1,,,,,,,,,,,,,,,,,,,,,,,,,,,,,,,,,,,,,2,34,2,2,1,5,1,
7/21/17 9:56,7/21/17 10:03,0,71.200.44.54,100,400,1,7/21/17 10:03,R_3Dj250TkjlmIlR5,,,,,39.18170166,-75.5970993,anonymous,EN,A1MMXVKCYK6QCH,"1,2",3,6,,,,,,,,,,,,,,,,,,,,,,,,,,,,,,,,,,,,,,,,,,,,,,,,,3,"The manager and algorithm both analyze the situation, but the algorithm makes the final decision.",Algorithms are rules usually created by logic and math,,,,,,,,,,,,,,,,,,,,,,,,,,,,,,,,,,,,,,,,,,,,,,,,,5,It's pretty fair because there's human and algorithm factors involved,4,4,4,4,4,4,I feel like Chris would feel indifferent,5,I trust the assessment pretty well because I have no reason not to,1,,,,,,,,,,,,,,,,,,,,,,,,,,,,,,,,,,,,,,,,,,,,,,,,,,,,,,,,,,,,,,,,,,,,,,,,,,,,,,,,,,,,,,,,,,,,,,,,,,,,,,,,,,,,,,,,,,,,,,,,,,,,,,,,,,,,,,3,19,2,3,1,4,1,
7/21/17 9:54,7/21/17 10:04,0,47.18.19.206,100,617,1,7/21/17 10:04,R_0TKfggDaDqcSXV7,,,,,40.61000061,-73.91079712,anonymous,EN,A3W4MAKNDI1SXM,"1,2",3,6,,,,,,,,,,,,,,,,,,,,,,,,,,,,,,,,,,,,,,,,,,,,,,,,,3,The algorithm assigns the job based on what they think needs to be worked on.  The manager wil monitior this and can change things based on work conditions. ,"Formulas or calculations put into a program and based on this, it will tell you when repairs or services need to be completed.",5,"It seems fair to me, since the algorithm should know what needs to be done. ",5,4,4,2,3,2,"He should be happy, he is doing his job and getting paid to do it. ",5,I would think the algorithm has been tested and is accurate. so why not trust it. ,1,,,,,,,,,,,,,,,,,,,,,,,,,,,,,,,,,,,,,,,,,,,,,,,,,,,,,,,,,,,,,,,,,,,,,,,,,,,,,,,,,,,,,,,,,,,,,,,,,,,,,,,,,,,,,,,,,,,,,,,,,,,,,,,,,,,,,,,,,,,,,,,,,,,,,,,,,,,,,,,,,,,,,,,,,,,,,,,,,,,,,,1,50,1,5,1,3,1,
7/21/17 9:56,7/21/17 10:05,0,107.185.100.246,100,572,1,7/21/17 10:05,R_2BeW2VV26H64hwt,,,,,33.79699707,-118.0624008,anonymous,EN,A1CUDBHABW56JO,"1,2",3,6,,,,,,,,,,,,,,,,,,,,,,,,,,,,,,,,,,,,,,,,,,,,,,,,,3, Algorithm was choose the best person and it was in managers to override it ,equations in the computer to make the best choice ,,,,,,,,,,,,,,,,,,,,,,,,,4,It's a program that's how it works,4,4,4,4,4,4,Unwarranted ,6,How it's supposed to work ,1,,,,,,,,,,,,,,,,,,,,,,,,,,,,,,,,,,,,,,,,,,,,,,,,,,,,,,,,,,,,,,,,,,,,,,,,,,,,,,,,,,,,,,,,,,,,,,,,,,,,,,,,,,,,,,,,,,,,,,,,,,,,,,,,,,,,,,,,,,,,,,,,,,,,,,,,,,,,,,1,38,1,5,1,3,3,
7/21/17 10:02,7/21/17 10:06,0,45.27.232.55,100,234,1,7/21/17 10:06,R_DTu7p5UA3hHZZZL,,,,,30.353302,-81.49900055,anonymous,EN,A1AHYAWHM0ML7H,"1,2",3,6,7,"Chris is assigned to fix or check a part that is most likely to need maintenance based on the algorithm, rather than guessing.",5,4,2,2,2,2,I think Chris would appreciate the algorithm's predictions about what parts to service rather than blindly checking everything constantly.,6,The algorithm provides the most full proof predictions.,1,,,,,,,,,,,,,,,,,,,,,,,,,,,,,,,,,,,,,3,The algorithm determines what parts to service and the manager takes this information to assign a worker to maintain these parts on the machine.,Algorithms are a functioning set of rules that help to determine an outcome.,,,,,,,,,,,,,,,,,,,,,,,,,,,,,,,,,,,,,,,,,,,,,,,,,,,,,,,,,,,,,,,,,,,,,,,,,,,,,,,,,,,,,,,,,,,,,,,,,,,,,,,,,,,,,,,,,,,,,,,,,,,,,,,,,,,,,,,,,,,,,,,,,,,,,,,,,,,,,,,,,,,,,,,,,,,,,,,,,,,,,,,,,,,,,,,,,,1,29,1,5,1,2,1,
7/21/17 10:26,7/21/17 10:29,0,47.145.114.50,100,166,1,7/21/17 10:29,R_2ZVMJywtWAfeNen,,,,,33.86610413,-118.0527954,anonymous,EN,AJZZOD77TYA2X,"1,2",3,6,,,,,,,,,,,,,,,,,,,,,,,,,,,,,,,,,,,,,,,,,,,,,,,,,,,It's some type of robot that analyzes situations.,,,,,,,,,,,,,,,,,,,,,,,,,,,,,,,,,,,,,,,,,,,,,,,,,,,,,,,,,,,,,,,,,,,,,,,,,,,,,,,,,,,,,,,,,,,,,,,,,,,,,,,,,,,,,,,,,,,,,,,,,,,,,,,,,,,,,6,The algorithm is not biased so it's fair. ,5,5,4,3,3,3,He probably wouldn't really care,5,It is unbiased but it may be inaccurate at times. ,1,1,,,,,,,,,,,,,,,,,,,,,,,,,,,,,,,,,,,,,,,,,,,,,,,,,1,20,1,4,4,1,4,