StartDate,EndDate,Status,IPAddress,Progress,Duration (in seconds),Finished,RecordedDate,ResponseId,RecipientLastName,RecipientFirstName,RecipientEmail,ExternalReference,LocationLatitude,LocationLongitude,DistributionChannel,UserLanguage,Q112,Q72,Q92_1,Q96_1,Q1644,Q1645,Q1646_1,Q1646_2,Q1646_3,Q1646_4,Q1646_5,Q1646_6,Q1647,Q1648,Q1649,Q1650,Q1654,Q1655,Q1656_1,Q1656_2,Q1656_3,Q1656_4,Q1656_5,Q1656_6,Q1657,Q1658,Q1659,Q1660,Q1664,Q1665,Q1666_1,Q1666_2,Q1666_3,Q1666_4,Q1666_5,Q1666_6,Q1667,Q1668,Q1669,Q1670,Q1674,Q1675,Q1676_1,Q1676_2,Q1676_3,Q1676_4,Q1676_5,Q1676_6,Q1677,Q1678,Q1679,Q1680,Q98,Q1684,Q1685,Q1686_1,Q1686_2,Q1686_3,Q1686_4,Q1686_5,Q1686_6,Q1687,Q1688,Q1689,Q1690,Q1694,Q1695,Q1696_1,Q1696_2,Q1696_3,Q1696_4,Q1696_5,Q1696_6,Q1697,Q1698,Q1699,Q1700,Q1704,Q1705,Q1706_1,Q1706_2,Q1706_3,Q1706_4,Q1706_5,Q1706_6,Q1707,Q1708,Q1709,Q1710,Q1714,Q1715,Q1716_1,Q1716_2,Q1716_3,Q1716_4,Q1716_5,Q1716_6,Q1717,Q1718,Q1719,Q1720,Q867,Q1724,Q1725,Q1726_1,Q1726_2,Q1726_3,Q1726_4,Q1726_5,Q1726_6,Q1727,Q1728,Q1729,Q1730,Q1757,Q1758,Q1759_1,Q1759_2,Q1759_3,Q1759_4,Q1759_5,Q1759_6,Q1760,Q1761,Q1762,Q1763,Q1787,Q1788,Q1789_1,Q1789_2,Q1789_3,Q1789_4,Q1789_5,Q1789_6,Q1790,Q1791,Q1792,Q1793,Q1817,Q1818,Q1819_1,Q1819_2,Q1819_3,Q1819_4,Q1819_5,Q1819_6,Q1820,Q1821,Q1822,Q1823,Q978,Q1734,Q1735,Q1736_1,Q1736_2,Q1736_3,Q1736_4,Q1736_5,Q1736_6,Q1737,Q1738,Q1739,Q1740,Q1767,Q1768,Q1769_1,Q1769_2,Q1769_3,Q1769_4,Q1769_5,Q1769_6,Q1770,Q1771,Q1772,Q1773,Q1797,Q1798,Q1799_1,Q1799_2,Q1799_3,Q1799_4,Q1799_5,Q1799_6,Q1800,Q1801,Q1802,Q1803,Q1827,Q1828,Q1829_1,Q1829_2,Q1829_3,Q1829_4,Q1829_5,Q1829_6,Q1830,Q1831,Q1832,Q1833,Q1744,Q1745,Q1746_1,Q1746_2,Q1746_3,Q1746_4,Q1746_5,Q1746_6,Q1747,Q1748,Q1749,Q1750,Q1777,Q1778,Q1779_1,Q1779_2,Q1779_3,Q1779_4,Q1779_5,Q1779_6,Q1780,Q1781,Q1782,Q1783,Q1807,Q1808,Q1809_1,Q1809_2,Q1809_3,Q1809_4,Q1809_5,Q1809_6,Q1810,Q1811,Q1812,Q1813,Q1837,Q1838,Q1839_1,Q1839_2,Q1839_3,Q1839_4,Q1839_5,Q1839_6,Q1840,Q1841,Q1842,Q1843,Q69,Q67,Q64,Q69 2,Q73,type,task,Enter Embedded Data Field Name Here...,Q1768 - Topics
7/12/17 8:24,7/12/17 8:27,0,75.128.62.146,100,160,1,7/12/17 8:27,R_ufB5X4DAIEatsK5,,,,,34.06269836,-117.8896027,anonymous,EN,A2DXSHR0ZWHIYD,"1,2",3,6,,,,,,,,,,,,,,,,,,,,,,,,,,,,,,,,,,,,,,,,,,,,,,,,,,,,,,,,,,,,,,,,,,,,,,,,,,,,,,,,,,,,,,,,,,,,,,,,,,"Algorithms are a set of rules, in this case, programmed to analyze data.",,,,,,,,,,,,,,,,,,,,,,,,,,,,,,,,,,,,,,,,,,,,,,,,,3,,,,,,,,,,,,,,,,,,,,,,,,,,,,,,,,,,,,,2,It is too one-sided and a computer cannot take into account past performance and properly evaluate emotions.,2,2,3,2,6,6,He feels like he is being misunderstood,2,The manager might not be entirely committed to his job if he has an algorithm doing most of the work,2,,,,,,,,,,,,,,,,,,,,,,,,,,,,,,,,,,,,,,,,,,,,,,,,,2,23,2,5,4,3,4,,
7/12/17 8:24,7/12/17 8:27,0,107.202.43.166,100,196,1,7/12/17 8:27,R_3ndBVKYJW6wpkHS,,,,,38.8184967,-121.2818985,anonymous,EN,AQIHP9D5DG5J,"1,2",3,6,,,,,,,,,,,,,,,,,,,,,,,,,,,,,,,,,,,,,,,,,,,,,,,,,,,,,,,,,,,,,,,,,,,,,,,,,,,,,,,,,,,,,,,,,,,,,,,,,,almost a filter or a calculation that runs through data and either sorts or filters out certain candidates or subjects,,,,,,,,,,,,,,,,,,,,,,,,,,,,,,,,,,,,,,,,,,,,,,,,,4,,,,,,,,,,,,,,,,,,,,,,,,,,,,,,,,,,,,,,,,,,,,,,,,,,,,,,,,,,,,,,,,,,,,,,,,,6,"Because it uses both technical analysis via the algorithm, but also a human touch with the manager",4,4,4,4,4,3,"Because if i were in his shoes, I'd feel indifferent if I were judged on those things",4,I trust the algorithm to an extent because it's free of bias and views me objectively,1,,,,,,,,,,,,,1,22,2,3,4,4,3,,
7/12/17 8:24,7/12/17 8:28,0,173.26.158.12,100,214,1,7/12/17 8:28,R_2eRyCTagqZ2DdFa,,,,,42.42660522,-92.35800171,anonymous,EN,AGLY8XF1SIZSV,"1,2",3,6,,,,,,,,,,,,,,,,,,,,,,,,,,,,,,,,,,,,,,,,,,,,,,,,,1,,,,,,,,,,,,,,,,,,,,,,,,,1,"People's vernacular varies, and if the 'keywords' don't contain how one individual would speak, then it's retarded. ",7,6,5,1,1,2,He's validated by the decision. ,3,"People's vernacular varies, and if the 'keywords' don't contain how one individual would speak, then it's retarded. ",1,,,,,,,,,,,,,Formulas used to decide outcomes. ,,,,,,,,,,,,,,,,,,,,,,,,,,,,,,,,,,,,,,,,,,,,,,,,,,,,,,,,,,,,,,,,,,,,,,,,,,,,,,,,,,,,,,,,,,,,,,,,,,,,,,,,,,,,,,,,,,,,,,,,,,,,,,,,,,,,,,,,,,,,,,,,,,1,33,2,4,1,1,3,,
7/12/17 8:24,7/12/17 8:28,0,96.41.189.207,100,215,1,7/12/17 8:28,R_2X1hgP2k2RfEkQ1,,,,,42.37939453,-123.3983002,anonymous,EN,A6M7YIG6KKHPA,"1,2",3,6,,,,,,,,,,,,,,,,,,,,,,,,,,,,,,,,,,,,,,,,,,,,,,,,,1,,,,,,,,,,,,,,,,,,,,,,,,,,,,,,,,,,,,,2,"Without a really good reason, I don't see how this is fair to the individual. Like, maybe a customer complaining it would be justified.",2,2,2,4,3,5,"He may feel anger over the algorithm, because he felt like he was doing a fine job. ",2,"An algorithm, to the best of my knowledge, can't determine quality.",1,"They're patterns, I believe.",,,,,,,,,,,,,,,,,,,,,,,,,,,,,,,,,,,,,,,,,,,,,,,,,,,,,,,,,,,,,,,,,,,,,,,,,,,,,,,,,,,,,,,,,,,,,,,,,,,,,,,,,,,,,,,,,,,,,,,,,,,,,,,,,,,,,,,,,,,,,,,,,,1,26,2,4,1,1,4,,
7/12/17 8:25,7/12/17 8:28,0,64.121.102.112,100,158,1,7/12/17 8:28,R_z0vfl58IN1MRzKF,,,,,40.5901947,-75.35469818,anonymous,EN,A1G187YBG0DVMQ,"1,2",3,6,,,,,,,,,,,,,,,,,,,,,,,,,,,,,,,,,,,,,,,,,,,,,,,,,,,,,,,,,,,,,,,,,,,,,,,,,,,,,,,,,,,,,,,,,,,,,,,,,,computer models,,,,,,,,,,,,,,,,,,,,,,,,,,,,,,,,,,,,,,,,,,,,,,,,,4,,,,,,,,,,,,,,,,,,,,,,,,,,,,,,,,,,,,,,,,,,,,,,,,,6,"If the algorithim can identify weak parts of machinery, no reason to not use it.",3,5,4,2,2,4,im not really sure,6,it is focused only on the data,1,,,,,,,,,,,,,,,,,,,,,,,,,,,,,,,,,,,,,1,25,2,5,1,4,1,,
7/12/17 8:24,7/12/17 8:28,0,74.128.101.140,100,253,1,7/12/17 8:28,R_2Br32Ol1P1Ldma4,,,,,39.09039307,-84.70110321,anonymous,EN,A3TEMWUZGEVFYS,"1,2",3,6,,,,,,,,,,,,,,,,,,,,,,,,,6,It is the business' right to use this hiring process. Looking through and picking the most favorable candidates for onsite review is thus far.,2,1,2,2,3,5,I answered this with the assumption that Chris wasn't chosen. Of course his feelings would probably differ if he was picked.,5,I'm assuming the manager has experience in their hiring process and understands what it takes for deserving candidates.,1,,,,,,,,,,,,,5,,,,,,,,,,,,,,,,,,,,,,,,,,,,,,,,,,,,,,,,,,,,,,,,,,,,,,,,,,,,,,,,,,,,,,,,,,,,,,,,,,,,,,,,,,,,,,,,,,,,,,,,,,,,,,,,,,,,,,,,,,,,,,,,,,,,,,,,,,,,,,,,,,,,,,,,,,,,,,,,,,,,,,,,,,,,,,,,,,,,,,,,,,,,,,,,,,,1,20,2,4,1,5,3,,
7/12/17 8:24,7/12/17 8:28,0,75.65.3.201,100,233,1,7/12/17 8:28,R_OKfZFY0NKRxfnB7,,,,,35.13589478,-90.00270081,anonymous,EN,A13JBRRX9P0UNK,"1,2",3,6,,,,,,,,,,,,,,,,,,,,,,,,,,,,,,,,,,,,,,,,,,,,,,,,,,,,,,,,,,,,,,,,,,,,,,,,,,,,,,,,,,,,,,,,,,,,,,,,,,code that carries out a function,,,,,,,,,,,,,,,,,,,,,,,,,,,,,,,,,,,,,5,It's an objective way of measuring performance.,4,4,3,5,4,3,It would put pressure on him but it wouldn't be completely horrible.,5,Performance is still subjective but for the most part you can trust an objective way of measuring like this algorithm ,1,3,,,,,,,,,,,,,,,,,,,,,,,,,,,,,,,,,,,,,,,,,,,,,,,,,,,,,,,,,,,,,,,,,,,,,,,,,,,,,,,,,,,,,,,,,,,,,,,,,2,25,2,5,1,2,4,,
7/12/17 8:24,7/12/17 8:29,0,72.195.153.206,100,286,1,7/12/17 8:29,R_3P4TuVXZP6WlKMs,,,,,41.75010681,-71.4108963,anonymous,EN,A23EWFNNOUS10B,"1,2",3,6,,,,,,,,,,,,,,,,,,,,,,,,,,,,,,,,,,,,,7,It is fair because he needs to know how the employees are performing. ,2,3,5,6,3,6,I believe it is frustrating to have someone review your work. ,6,Most managers will be honest in their evaluations. ,1,5,,,,,,,,,,,,,,,,,,,,,,,,,,,,,,,,,,,,,,,,,,,,,,,,,,,,,,,,,,,,,,,,,,,,,,,,,,,,,,,,,,,,,,,,,,,,,,,,,,,,,,,,,,,,,,,,,,,,,,,,,,,,,,,,,,,,,,,,,,,,,,,,,,,,,,,,,,,,,,,,,,,,,,,,,,,,,,,,,,,,,,,,,,,,,,,,,,,2,30,2,5,1,5,4,,
7/12/17 8:24,7/12/17 8:29,0,73.147.0.223,100,283,1,7/12/17 8:29,R_22LnNl4IZzqoBnn,,,,,38.13609314,-79.06230164,anonymous,EN,A1ZN6V0PU8VVAH,"1,2",3,6,,,,,,,,,,,,,6,The manager took the employee's availability into consideration.,5,4,4,2,2,2,"I don't think he'd feel much. At best, he'd be happy to have his availability respected.",6,He seems to take the proper things into consideration.,1,,,,,,,,,,,,,,,,,,,,,,,,,5,,,,,,,,,,,,,,,,,,,,,,,,,,,,,,,,,,,,,,,,,,,,,,,,,,,,,,,,,,,,,,,,,,,,,,,,,,,,,,,,,,,,,,,,,,,,,,,,,,,,,,,,,,,,,,,,,,,,,,,,,,,,,,,,,,,,,,,,,,,,,,,,,,,,,,,,,,,,,,,,,,,,,,,,,,,,,,,,,,,,,,,,,,,,,,,,,,,2,32,2,5,1,5,2,,
7/12/17 8:24,7/12/17 8:29,0,98.156.69.35,100,256,1,7/12/17 8:29,R_VULyilIsrFOILhn,,,,,39.0184021,-94.70899963,anonymous,EN,ATF7HBD1TFI2U,"1,2",3,6,7,IT IS THE MANAGERS JOB TO ASSIGN THESE DUTIES TO EMPLOYEES.,4,4,5,2,2,2,HE'S PROBABLY NOT AGRY BUT NOT EXACTLY THRILLED TO BE ASSIGNED A TASK.,4,HE PROBABLY HAS BEEN ASSIGNED THIS MANAGERIAL JOB FOR A REASON,1,,,,,,,,,,,,,,,,,,,,,,,,,,,,,,,,,,,,,5,,,,,,,,,,,,,,,,,,,,,,,,,,,,,,,,,,,,,,,,,,,,,,,,,,,,,,,,,,,,,,,,,,,,,,,,,,,,,,,,,,,,,,,,,,,,,,,,,,,,,,,,,,,,,,,,,,,,,,,,,,,,,,,,,,,,,,,,,,,,,,,,,,,,,,,,,,,,,,,,,,,,,,,,,,,,,,,,,,,,,,,,,,,,,,,,,,,1,36,1,4,1,5,1,,
7/12/17 8:24,7/12/17 8:29,0,108.239.116.189,100,286,1,7/12/17 8:29,R_Zkp6QCtMM0lMaGJ,,,,,32.6322937,-96.91249847,anonymous,EN,A1XL3SDACSAMG,"1,2",3,6,,,,,,,,,,,,,,,,,,,,,,,,,,,,,,,,,,,,,,,,,,,,,,,,,1,,,,,,,,,,,,,7,"It may be that he has mornings available so that's why the algorithm scheduled him that way, plus in jobs you sometimes don't get to pick when you work",4,4,4,4,4,4,"I don't know how he feels, I don't know anything about him, he may love the morning and want to work early so he can get off early",7,I have no reason to distrust it,1,,,,,,,,,,,,,,,,,,,,,,,,,computer programs,,,,,,,,,,,,,,,,,,,,,,,,,,,,,,,,,,,,,,,,,,,,,,,,,,,,,,,,,,,,,,,,,,,,,,,,,,,,,,,,,,,,,,,,,,,,,,,,,,,,,,,,,,,,,,,,,,,,,,,,,,,,,,,,,,,,,,,,,,,,,,,,,,1,29,1,2,2,1,2,,
7/12/17 8:26,7/12/17 8:30,0,69.117.181.144,100,236,1,7/12/17 8:30,R_2pW7VMsFFCr26CF,,,,,40.61000061,-73.91079712,anonymous,EN,ABL3H3O3BI8ZD,"1,2",3,6,,,,,,,,,,,,,,,,,,,,,,,,,,,,,,,,,,,,,,,,,,,,,,,,,1,,,,,,,,,,,,,,,,,,,,,,,,,7,i think it was fair that chris was chosen.,7,4,6,1,1,1,i think he should feel excited for the new position.,5,i dont' know the criteria that is being used to filter out candidates on their system.,1,,,,,,,,,,,,,algorithms are systems in place that are derived from math in order to accomplish a specific goals.,,,,,,,,,,,,,,,,,,,,,,,,,,,,,,,,,,,,,,,,,,,,,,,,,,,,,,,,,,,,,,,,,,,,,,,,,,,,,,,,,,,,,,,,,,,,,,,,,,,,,,,,,,,,,,,,,,,,,,,,,,,,,,,,,,,,,,,,,,,,,,,,,,3,27,2,6,2,1,3,,
7/12/17 8:24,7/12/17 8:30,0,174.60.237.75,100,347,1,7/12/17 8:30,R_2U4yNk7CTO6hB6g,,,,,41.38499451,-75.64610291,anonymous,EN,A25EGRCD2LG0KK,"1,2",3,6,,,,,,,,,,,,,,,,,,,,,,,,,,,,,,,,,,,,,,,,,,,,,,,,,,,,,,,,,,,,,,,,,,,,,,,,,,,,,,,,,,,,,,,,,,,,,,,,,,they play numbers games like at the casino,4,it is just a job,4,5,6,3,1,3,"probably just normal feelings, no big deal",4,probably lots of punneeded part replacement,1,,,,,,,,,,,,,,,,,,,,,,,,,,,,,,,,,,,,,2,,,,,,,,,,,,,,,,,,,,,,,,,,,,,,,,,,,,,,,,,,,,,,,,,,,,,,,,,,,,,,,,,,,,,,,,,,,,,,,,,,,,,,,,,,,,,,,,,1,35,2,2,1,2,1,,
7/12/17 8:24,7/12/17 8:30,0,69.142.163.135,100,354,1,7/12/17 8:30,R_1kSPGyaiYrWg55b,,,,,40.86689758,-74.8219986,anonymous,EN,A1NVJB5O4H7ZCJ,"1,2",3,6,,,,,,,,,,,,,,,,,,,,,,,,,,,,,,,,,,,,,,,,,,,,,,,,,,,,,,,,,,,,,,,,,,,,,,,,,,,,,,,,,,,,,,,,,,,,,,,,,,Algorithms are a set of data that is compiled and cross referenced using a computer to analyze data.,,,,,,,,,,,,,5,Chris must be available to work mornings and since it is an active time they scheduled him than,4,4,5,2,1,2,Chris must have let them know when he can work so he should not be angry at this scheduling. Of course no one is joyful working mornings either!,5,You would know when your employees can work and you would know when the shifts are the busiest and how many people you need to handle the crowd. I would trust this algorithmic analysis,1,,,,,,,,,,,,,,,,,,,,,,,,,2,,,,,,,,,,,,,,,,,,,,,,,,,,,,,,,,,,,,,,,,,,,,,,,,,,,,,,,,,,,,,,,,,,,,,,,,,,,,,,,,,,,,,,,,,,,,,,,,,2,53,1,4,1,2,2,,
7/12/17 8:24,7/12/17 8:30,0,74.109.232.100,100,350,1,7/12/17 8:30,R_zeXWtTRefU5pXgZ,,,,,40.37869263,-79.97100067,anonymous,EN,A1B5KIQ8JLR2F7,"1,2",3,6,,,,,,,,,,,,,,,,,,,,,,,,,,,,,,,,,,,,,,,,,,,,,,,,,1,6,I think it's fair to have Chris do maintenance on the more heavily used and more often broken components of machinery which would be the result of the algorithm.,4,4,2,2,2,2,"He didn't have an opportunity to achieve anything that would make him feel positive emotions, but I don't think he would feel negatively either.",5,I think the algorithm is a good idea to ensure routine maintenance on things but some parts may break regardless so I need more information on what happens during those times. ,1,,,,,,,,,,,,,,,,,,,,,,,,,,,,,,,,,,,,,Math problems that predict a pattern.,,,,,,,,,,,,,,,,,,,,,,,,,,,,,,,,,,,,,,,,,,,,,,,,,,,,,,,,,,,,,,,,,,,,,,,,,,,,,,,,,,,,,,,,,,,,,,,,,,,,,,,,,,,,,,,,,,,,,,,,,,,,,,,,,,,,,,,,,,,,,,,,,,1,28,1,3,1,1,1,,
7/12/17 8:24,7/12/17 8:30,0,65.191.138.159,100,361,1,7/12/17 8:30,R_2Tz04rxDAHsFW7t,,,,,34.92730713,-78.90930176,anonymous,EN,AE4FRGGT254D3,"1,2",3,6,7,It is the Managers job to assign duties,4,4,4,1,1,1,He would have no particular feelings. He is just doing his job,6,He wouldnt keep his manager job if he could not be trusted,1,,,,,,,,,,,,,,,,,,,,,,,,,,,,,,,,,,,,,5,,,,,,,,,,,,,,,,,,,,,,,,,,,,,,,,,,,,,,,,,,,,,,,,,,,,,,,,,,,,,,,,,,,,,,,,,,,,,,,,,,,,,,,,,,,,,,,,,,,,,,,,,,,,,,,,,,,,,,,,,,,,,,,,,,,,,,,,,,,,,,,,,,,,,,,,,,,,,,,,,,,,,,,,,,,,,,,,,,,,,,,,,,,,,,,,,,,2,51,2,3,1,5,1,,
7/12/17 8:27,7/12/17 8:31,0,136.60.172.18,100,236,1,7/12/17 8:31,R_1DNoqqMxJzQyyHM,,,,,40.75979614,-111.8626022,anonymous,EN,A3RHGIM99R25Q9,"1,2",3,6,,,,,,,,,,,,,,,,,,,,,,,,,,,,,,,,,,,,,,,,,,,,,,,,,,,,,,,,,,,,,,,,,,,,,,,,,,,,,,,,,,,,,,,,,,,,,,,,,,designed instructions for computers that return results based on the inputs given.,,,,,,,,,,,,,,,,,,,,,,,,,,,,,,,,,,,,,,,,,,,,,,,,,4,,,,,,,,,,,,,,,,,,,,,,,,,,,,,,,,,,,,,,,,,,,,,,,,,,,,,,,,,,,,,,,,,,,,,,,,,,,,,,,,,,,,,5,"So long as both a human and a computer analyzes it, I don't feel like there is any unfair bias going on.",4,4,4,2,2,4,He wouldn't feel angry or feel like he is being targeted but probably wouldn't be happy and excited either.,4,"If the algorithm is designed in a way that makes it effective, it should provide good feedback on call quality.",1,3,29,2,3,1,4,4,,
7/12/17 8:28,7/12/17 8:31,0,172.220.171.126,100,158,1,7/12/17 8:31,R_28ZkQCfTU1EyPQr,,,,,35.76119995,-81.72799683,anonymous,EN,AXR8QNGNBF1DU,"1,2",3,6,,,,,,,,,,,,,,,,,,,,,,,,,,,,,,,,,,,,,7,Because he is in a service industry and needs to be evaluated by his manager so that he can an honest review of his work.,5,5,6,4,2,4,"I just assumed he got a decent review but felt he could do better.  Without seeing a review, it's impossible to know how he'd feel about it.",6,Because the manager is actively taking an interest in there work performance.,1,5,,,,,,,,,,,,,,,,,,,,,,,,,,,,,,,,,,,,,,,,,,,,,,,,,,,,,,,,,,,,,,,,,,,,,,,,,,,,,,,,,,,,,,,,,,,,,,,,,,,,,,,,,,,,,,,,,,,,,,,,,,,,,,,,,,,,,,,,,,,,,,,,,,,,,,,,,,,,,,,,,,,,,,,,,,,,,,,,,,,,,,,,,,,,,,,,,,,2,30,1,5,1,5,4,,
7/12/17 8:27,7/12/17 8:31,0,66.188.55.188,100,236,1,7/12/17 8:31,R_232g33wzcD8WL3u,,,,,42.45809937,-83.94680023,anonymous,EN,A3TM85O4E7IOUU,"1,2",3,6,,,,,,,,,,,,,,,,,,,,,,,,,,,,,,,,,,,,,,,,,,,,,,,,,1,,,,,,,,,,,,,6,"It doesn't seem like it's that much of an imposition for Chris, if it split his shift up throughout the day it would be less fair",6,4,4,2,2,2,I think he'll be happy to have a consistent schedule,6,An algorithm can account for different needs of the store and schedule employees appropriately,1,,,,,,,,,,,,,,,,,,,,,,,,,A decision making process,,,,,,,,,,,,,,,,,,,,,,,,,,,,,,,,,,,,,,,,,,,,,,,,,,,,,,,,,,,,,,,,,,,,,,,,,,,,,,,,,,,,,,,,,,,,,,,,,,,,,,,,,,,,,,,,,,,,,,,,,,,,,,,,,,,,,,,,,,,,,,,,,,2,31,2,3,1,1,2,,
7/12/17 8:24,7/12/17 8:32,0,74.243.191.186,100,428,1,7/12/17 8:32,R_3EmaA8b8sorDfGR,,,,,35.39019775,-82.37249756,anonymous,EN,A3U74S280Z4B0,"1,2",3,6,,,,,,,,,,,,,,,,,,,,,,,,,,,,,,,,,,,,,,,,,,,,,,,,,,,,,,,,,,,,,,,,,,,,,,,,,,,,,,,,,,,,,,,,,,,,,,,,,,"They are a form of ""AI"" or artificial intelligence where a computer program is written to make judgments based on a set of rules.",,,,,,,,,,,,,,,,,,,,,,,,,,,,,,,,,,,,,3,"I do not trust an algorithm or ""AI"" to evaluate human behavior. There are to many subtleties that only a real person is capable of interpreting correctly.",2,2,2,6,5,6,I think Chris would feel he deserves to be evaluated by a person and not a machine. Being evaluated by a machine could make him feel devalued and that he is not worth taking the time to evaluate him properly.,2,"Again, I do not feel that an algorithm can make an accurate evaluation of a human being. It takes another person to pick up on all the subtleties that are involved in human interaction.",1,2,,,,,,,,,,,,,,,,,,,,,,,,,,,,,,,,,,,,,,,,,,,,,,,,,,,,,,,,,,,,,,,,,,,,,,,,,,,,,,,,,,,,,,,,,,,,,,,,,2,58,2,2,1,2,4,,
7/12/17 8:24,7/12/17 8:32,0,67.83.89.141,100,451,1,7/12/17 8:32,R_3QWSYJ5qh8o7POh,,,,,40.77960205,-74.02380371,anonymous,EN,A3QS96739O5M6F,"1,2",3,6,,,,,,,,,,,,,,,,,,,,,,,,,,,,,,,,,,,,,,,,,,,,,,,,,,,,,,,,,,,,,,,,,,,,,,,,,,,,,,,,,,,,,,,,,,,,,,,,,,calculations,,,,,,,,,,,,,,,,,,,,,,,,,,,,,,,,,,,,,,,,,,,,,,,,,3,,,,,,,,,,,,,5,Manager knows better.,5,5,5,2,2,2,I think he should be happy.,5,They did lot of trials.,1,,,,,,,,,,,,,,,,,,,,,,,,,,,,,,,,,,,,,,,,,,,,,,,,,,,,,,,,,,,,,,,,,,,,,,,,,3,28,2,5,4,3,2,,
7/12/17 8:24,7/12/17 8:32,0,68.97.235.108,100,477,1,7/12/17 8:32,R_3qP6xBdKo77Pv0l,,,,,35.37980652,-97.75980377,anonymous,EN,A1X3N2ATX5DAJP,"1,2",3,6,,,,,,,,,,,,,,,,,,,,,,,,,,,,,,,,,,,,,,,,,,,,,,,,,,,,,,,,,,,,,,,,,,,,,,,,,,,,,,,,,,,,,,,,,,,,,,,,,,its a set of rules a program follows to help with problem solving etc. ,,,,,,,,,,,,,,,,,,,,,,,,,,,,,,,,,,,,,,,,,,,,,,,,,3,,,,,,,,,,,,,,,,,,,,,,,,,,,,,,,,,,,,,,,,,,,,,,,,,6,because it something that needs attention,4,4,4,1,1,1,If its his job there shouldnt be any negative emotion ,5,with a algorithm there is a possibility that it could be wrong,1,,,,,,,,,,,,,,,,,,,,,,,,,,,,,,,,,,,,,2,41,2,3,1,4,1,,
7/12/17 8:24,7/12/17 8:32,0,174.56.160.177,100,495,1,7/12/17 8:32,R_215JL2R0f5HJVij,,,,,31.99710083,-80.96450043,anonymous,EN,A2GB0RI43KU4Z,"1,2",3,6,,,,,,,,,,,,,,,,,,,,,,,,,,,,,,,,,,,,,,,,,,,,,,,,,,,,,,,,,,,,,,,,,,,,,,,,,,,,,,,,,,,,,,,,,,,,,,,,,,A set of rules or steps for going from point A to point B in terms of problem-solving or decision-making. ,,,,,,,,,,,,,,,,,,,,,,,,,5,Basing the initial selection on an impartial algorithm eliminates any unfairness that may creep in if a person was going through the job applicants first. ,4,4,2,4,4,4,"Unless I missed something (and I reread it twice), there's no indication of whether Chris was selected as being among the top applicants, so he has no reason to feel much at all about how the process worked. That said, I don't think he'd feel proud because why would he at this point? I think the best word for his feelings might be 'hopeful.'",5,"If the process is already designed such that an algorithm does this initial sorting, I would imagine the steps that follow would have some measure of standardization as well. I think the manager will trust the sorting and if the algorithm is based on their needs and experiences in the past with applicants, the decisions made should be of fairly high quality.",1,,,,,,,,,,,,,2,,,,,,,,,,,,,,,,,,,,,,,,,,,,,,,,,,,,,,,,,,,,,,,,,,,,,,,,,,,,,,,,,,,,,,,,,,,,,,,,,,,,,,,,,,,,,,,,,2,40,2,5,1,2,3,,
7/12/17 8:24,7/12/17 8:32,0,72.228.42.128,100,506,1,7/12/17 8:32,R_2dmzhFlxa0oaVhC,,,,,43.05349731,-73.75170135,anonymous,EN,A1LB9JOMFQ1UMG,"1,2",3,6,,,,,,,,,,,,,,,,,,,,,,,,,,,,,,,,,,,,,,,,,,,,,,,,,,,,,,,,,,,,,,,,,,,,,,,,,,,,,,,,,,,,,,,,,,,,,,,,,,I think algorithms are just math models that take all of the information of the scenario into account and then spits out a result that is unbiased and fair to everyone.,,,,,,,,,,,,,,,,,,,,,,,,,,,,,,,,,,,,,,,,,,,,,,,,,3,6,"I think it's fair because the algorithm analyzes the importance of each component, and overall, it just seems to be a fair way to do things because the algorithm knows best and I don't think that the manager puts in too much bias since he's just monitoring it.",5,5,5,2,2,2,"I think that overall Chris just feels neutral about it because that's his job. That's what he's assigned to do. As long as he gets his paycheck, I don't think that the algorithm bothers him.",6,I think that this algorithm is trustworthy because it's a machine and a mathematical computation. I don't think that it has any bias. I think that it's fair.,1,,,,,,,,,,,,,,,,,,,,,,,,,,,,,,,,,,,,,,,,,,,,,,,,,,,,,,,,,,,,,,,,,,,,,,,,,,,,,,,,,,,,,1,25,1,5,1,3,1,,
7/12/17 8:25,7/12/17 8:34,0,74.128.101.140,100,515,1,7/12/17 8:34,R_2ah4VpxQgRGJytg,,,,,39.09039307,-84.70110321,anonymous,EN,A30YUV6IU0T6I6,"1,2",3,6,,,,,,,,,,,,,,,,,,,,,,,,,,,,,,,,,,,,,,,,,,,,,,,,,,,,,,,,,,,,,,,,,,,,,,,,,,,,,,,,,,,,,,,,,,,,,,,,,,It seemed to be some sort of program that looked at numerous variables and used those as part of a predictive model.,,,,,,,,,,,,,,,,,,,,,,,,,,,,,,,,,,,,,,,,,,,,,,,,,3,7,It isn't a terribly uneven or biased system and it seems pretty logical to go about maintaining the factory in this fashion.,3,3,4,5,2,3,He's probably not a huge fan of doing the maintenance even though it needs to be done and perhaps he is annoyed at the level of abstraction between his boss giving him work directly via the algorithm.,5,"Based on what I currently know about it, it seems to operate on a rather straightforward logical basis and I don't have any real reason to doubt it. ",1,,,,,,,,,,,,,,,,,,,,,,,,,,,,,,,,,,,,,,,,,,,,,,,,,,,,,,,,,,,,,,,,,,,,,,,,,,,,,,,,,,,,,1,26,2,3,1,3,1,,
7/12/17 8:29,7/12/17 8:34,0,67.174.6.24,100,329,1,7/12/17 8:34,R_3rTbFP6ueLg8Rhu,,,,,28.94000244,-81.98970032,anonymous,EN,A2MW2KLUNJ5SF8,"1,2",3,6,,,,,,,,,,,,,,,,,,,,,,,,,,,,,,,,,,,,,,,,,,,,,,,,,,,,,,,,,,,,,,,,,,,,,,,,,,,,,,,,,,,,,,,,,,,,,,,,,,"Just a program that takes data, goes over the data, and then gives you an analysis of the data it has processed.",,,,,,,,,,,,,7,You need workers to be there to make sure you can serve the customers.  Using the algorithm makes sure that there are enough employees there at any time of the day.  Chris is available so he got the hours.  Nothing unfair about that.,6,5,4,2,2,2,I am guessing that Chris wants to work so he got some hours to work.  I don't see why he would be angry about working.  He is happy he has hours.,6,It lets the manager know when customers will be there and when employees are needed.  That way the company works efficently and no customers are kept waiting hopefully.,1,,,,,,,,,,,,,,,,,,,,,,,,,2,,,,,,,,,,,,,,,,,,,,,,,,,,,,,,,,,,,,,,,,,,,,,,,,,,,,,,,,,,,,,,,,,,,,,,,,,,,,,,,,,,,,,,,,,,,,,,,,,1,41,2,3,1,2,2,,
7/12/17 8:25,7/12/17 8:35,0,104.244.230.174,100,631,1,7/12/17 8:35,R_2S0TADsPjvoZ0vU,,,,,18,-76.80000305,anonymous,EN,A2Z11BHUBDVKMB,"1,2",3,6,,,,,,,,,,,,,,,,,,,,,,,,,,,,,,,,,,,,,,,,,,,,,,,,,,,,,,,,,,,,,,,,,,,,,,,,,,,,,,,,,,,,,,,,,,,,,,,,,,Algorithims are based on pre determined results and the computer checks to see if the given action results in the given results it is asked to check for,,,,,,,,,,,,,,,,,,,,,,,,,,,,,,,,,,,,,,,,,,,,,,,,,3,,,,,,,,,,,,,,,,,,,,,,,,,,,,,,,,,,,,,,,,,,,,,,,,,,,,,,,,,,,,,,,,,,,,,,,,,,,,,,,,,,,,,1,"An algorithim is based off computer interpretation, the fact Chris works in a customer service center, his performance is subjective and what a computer marks as negative could be misinterpreted as there is no human leeway ",1,1,1,7,4,7,Chris would feel that he is at a major disadvantage because his performance based is not subjective and what the computer says is the final say and it could be way wrong as the human interaction can go in many different ways and interpreted differently,3,"The computer could be right, but I give the human component a higher preference as they are able to see things the computer wont",1,3,35,2,5,2,4,4,,
7/12/17 8:31,7/12/17 8:35,0,108.84.149.88,100,276,1,7/12/17 8:35,R_1ff5VksWImvbWX3,,,,,40.80949402,-81.37989807,anonymous,EN,A3W24IE6P9O302,"1,2",3,6,,,,,,,,,,,,,7,Chris must fit the needs of the morning crowd so this is fair,4,5,6,4,2,3,I do not know Chris but he should be happy his manager wants him to work this shift,6,I would assume his formula to scheudule people is accurate which means he knows what he is doing.,1,,,,,,,,,,,,,,,,,,,,,,,,,5,,,,,,,,,,,,,,,,,,,,,,,,,,,,,,,,,,,,,,,,,,,,,,,,,,,,,,,,,,,,,,,,,,,,,,,,,,,,,,,,,,,,,,,,,,,,,,,,,,,,,,,,,,,,,,,,,,,,,,,,,,,,,,,,,,,,,,,,,,,,,,,,,,,,,,,,,,,,,,,,,,,,,,,,,,,,,,,,,,,,,,,,,,,,,,,,,,,3,32,2,4,1,5,2,,
7/12/17 8:29,7/12/17 8:37,0,99.62.63.145,100,454,1,7/12/17 8:37,R_vIhOSo1JerNkPHb,,,,,41.02209473,-83.67890167,anonymous,EN,A2AJIRNA6L4IJI,"1,2",3,6,,,,,,,,,,,,,,,,,,,,,,,,,,,,,,,,,,,,,,,,,,,,,,,,,,,,,,,,,,,,,,,,,,,,,,,,,,,,,,,,,,,,,,,,,,,,,,,,,,A mathematical pattern.,,,,,,,,,,,,,,,,,,,,,,,,,,,,,,,,,,,,,,,,,,,,,,,,,2,,,,,,,,,,,,,,,,,,,,,,,,,,,,,,,,,,,,,4,"The algorithm is a good tool for monitoring his performance, but ultimately his human superior should make the final assessment.",3,2,3,4,5,5,I think he would be annoyed that his performance was being constantly monitored.,4,"The algorithm would work well, but it might make mistakes, so the results should be more of a guideline rather than the final judgement on his performance.",1,,,,,,,,,,,,,,,,,,,,,,,,,,,,,,,,,,,,,,,,,,,,,,,,,3,31,2,4,1,3,4,,
7/12/17 8:34,7/12/17 8:37,0,173.173.79.165,100,147,1,7/12/17 8:37,R_1hG7Tf77XfO4ahJ,,,,,41.51199341,-97.34700012,anonymous,EN,A3J5KTBHZI60H,"1,2",3,6,,,,,,,,,,,,,,,,,,,,,,,,,7,It is fair.,6,6,7,1,1,1,He should feel good about an onsite interview.,6,Onsite interview would help determine a good employee.,1,,,,,,,,,,,,,5,,,,,,,,,,,,,,,,,,,,,,,,,,,,,,,,,,,,,,,,,,,,,,,,,,,,,,,,,,,,,,,,,,,,,,,,,,,,,,,,,,,,,,,,,,,,,,,,,,,,,,,,,,,,,,,,,,,,,,,,,,,,,,,,,,,,,,,,,,,,,,,,,,,,,,,,,,,,,,,,,,,,,,,,,,,,,,,,,,,,,,,,,,,,,,,,,,,2,23,2,5,1,5,3,,
7/12/17 8:31,7/12/17 8:37,0,173.187.6.136,100,387,1,7/12/17 8:37,R_BS0jFFqtywfGR7H,,,,,35.10629272,-80.71199799,anonymous,EN,A1F9KLZGHE9DTA,"1,2",3,6,,,,,,,,,,,,,,,,,,,,,,,,,,,,,,,,,,,,,,,,,,,,,,,,,,,,,,,,,,,,,,,,,,,,,,,,,,,,,,,,,,,,,,,,,,,,,,,,,,A set of calculations made by a computer to draw conclusions.  It's based on data that is input for it to compute.,,,,,,,,,,,,,,,,,,,,,,,,,,,,,,,,,,,,,,,,,,,,,,,,,3,,,,,,,,,,,,,2,This should be a decision solely made by a person.  It sounds like the manager could make choices and blame the algorithm...or allow it to make choices that he should be making based on his personal knowledge of the employees.,1,1,2,6,6,7,"Again, it's not right to let an algorithm make such determinations.  Without personal knowledge of individuals, it is plain wrong.  Chris would likely be frustrated (at best) about this.",2,It can't make decisions as a human would.  Taking out that element makes it a clinical decision without concern for people's welfare.,1,,,,,,,,,,,,,,,,,,,,,,,,,,,,,,,,,,,,,,,,,,,,,,,,,,,,,,,,,,,,,,,,,,,,,,,,,2,42,2,3,1,3,2,,
7/12/17 8:31,7/12/17 8:37,0,108.185.80.112,100,353,1,7/12/17 8:37,R_332PLjrVWPq38Bq,,,,,33.9414978,-118.1306992,anonymous,EN,AVFHRN0S32V2H,"1,2",3,6,,,,,,,,,,,,,,,,,,,,,,,,,,,,,,,,,,,,,,,,,,,,,,,,,,,,,,,,,,,,,,,,,,,,,,,,,,,,,,,,,,,,,,,,,,,,,,,,,,It's a computerized system that categorizes things in a certain way.,,,,,,,,,,,,,,,,,,,,,,,,,5,Because having an algorithm do it removes a lot of human error.,4,4,4,4,4,5,There are certain things algorithm's can't get right like human emotion. Chris might do exceptionally well in communicating which I don't think an algorithm can pick up on.,4,"I think if an algorithm is used, it would be best not to remove the human element out of it as well. Machines can do a lot of things well, but I don't think it can pick up the nuances of human behavior very well yet. That's where having a face to face with human would be ideal.",1,,,,,,,,,,,,,2,,,,,,,,,,,,,,,,,,,,,,,,,,,,,,,,,,,,,,,,,,,,,,,,,,,,,,,,,,,,,,,,,,,,,,,,,,,,,,,,,,,,,,,,,,,,,,,,,1,35,2,5,4,2,3,,
7/12/17 8:34,7/12/17 8:37,0,172.58.140.69,100,216,1,7/12/17 8:37,R_1E4ZFubF0TKD4CC,,,,,41.84829712,-87.65170288,anonymous,EN,A15RJPRX0KVUFS,"1,2",3,6,,,,,,,,,,,,,,,,,,,,,,,,,,,,,,,,,,,,,,,,,,,,,,,,,1,,,,,,,,,,,,,,,,,,,,,,,,,,,,,,,,,,,,,3,It seems impossible for a computer to accurately measure the emotion behind someone's voice.,3,3,4,5,2,4,I don't think he would think it was a very fair system.,2,I do not think it would be very accurate.,1,Rules or processes to measure and determine things.,,,,,,,,,,,,,,,,,,,,,,,,,,,,,,,,,,,,,,,,,,,,,,,,,,,,,,,,,,,,,,,,,,,,,,,,,,,,,,,,,,,,,,,,,,,,,,,,,,,,,,,,,,,,,,,,,,,,,,,,,,,,,,,,,,,,,,,,,,,,,,,,,,1,36,1,3,1,1,4,,
7/12/17 8:32,7/12/17 8:38,0,173.185.252.237,100,355,1,7/12/17 8:38,R_xsjiwDOzum98z0R,,,,,40.08670044,-82.5460968,anonymous,EN,A2QBFXY9UQMJTT,"1,2",3,6,,,,,,,,,,,,,,,,,,,,,,,,,,,,,,,,,,,,,,,,,,,,,,,,,,,,,,,,,,,,,,,,,,,,,,,,,,,,,,,,,,,,,,,,,,,,,,,,,,They are just a process or series of steps or rules that are applied to data. They are not exclusive to machines.,,,,,,,,,,,,,,,,,,,,,,,,,,,,,,,,,,,,,,,,,,,,,,,,,2,,,,,,,,,,,,,,,,,,,,,,,,,,,,,,,,,,,,,,,,,,,,,,,,,,,,,,,,,,,,,,,,,,,,,,,,,6,"Because the algorithm is applied to all resumes, it is ultimately fair as a process. It may not be the best process, but it is fair.",4,4,3,5,5,5,I think that Chris would approach the situation with some pessimism.,4,"It really depends on the algorithm, not that there is an algorithm. Technically, a manager would probably undertake an algorithm as well for the most part - no degree, no experience, etc - these are just rules that a manager applies, and instead those resumes are being filtered by a ""process"".",1,,,,,,,,,,,,,4,35,2,4,1,4,3,,
7/12/17 8:31,7/12/17 8:41,0,66.169.100.212,100,588,1,7/12/17 8:41,R_3D9VWZwVwqyEps5,,,,,32.78210449,-97.29799652,anonymous,EN,A32QYANWMXW8EL,"1,2",3,6,,,,,,,,,,,,,,,,,,,,,,,,,,,,,,,,,,,,,,,,,,,,,,,,,1,7,"I think it is fair to have a human to check it, after the computer does the algorithims.",7,6,5,4,2,1,I think Chis is happy to to perform the job.,7,"The computer analyzes everything, so I trust that aspect of it.",1,,,,,,,,,,,,,,,,,,,,,,,,,,,,,,,,,,,,,A computer program that analyzes certain sequences of things.,,,,,,,,,,,,,,,,,,,,,,,,,,,,,,,,,,,,,,,,,,,,,,,,,,,,,,,,,,,,,,,,,,,,,,,,,,,,,,,,,,,,,,,,,,,,,,,,,,,,,,,,,,,,,,,,,,,,,,,,,,,,,,,,,,,,,,,,,,,,,,,,,,1,35,1,3,2,1,1,,
7/12/17 8:36,7/12/17 8:41,0,98.237.218.62,100,318,1,7/12/17 8:41,R_urDRdUH7cmgtwFb,,,,,46.88409424,-123.9949951,anonymous,EN,A3LKPARORDKLWT,"1,2",3,6,,,,,,,,,,,,,,,,,,,,,,,,,,,,,,,,,,,,,,,,,,,,,,,,,1,,,,,,,,,,,,,5,As good as anything else i guess,4,4,4,4,4,4,I dont know if he wants those hours or not,3,Its probably better than humans if theres some kind of backup eyes on it,1,,,,,,,,,,,,,,,,,,,,,,,,,A program thats written to do a certain task,,,,,,,,,,,,,,,,,,,,,,,,,,,,,,,,,,,,,,,,,,,,,,,,,,,,,,,,,,,,,,,,,,,,,,,,,,,,,,,,,,,,,,,,,,,,,,,,,,,,,,,,,,,,,,,,,,,,,,,,,,,,,,,,,,,,,,,,,,,,,,,,,,2,22,2,3,1,1,2,,
7/12/17 8:34,7/12/17 8:42,0,177.228.56.238,100,493,1,7/12/17 8:42,R_ymSYJXonYhQifx7,,,,,21.11669922,-101.6667023,anonymous,EN,A3VBAQB2WO36Q1,"1,2",3,6,,,,,,,,,,,,,,,,,,,,,,,,,,,,,,,,,,,,,,,,,,,,,,,,,,,,,,,,,,,,,,,,,,,,,,,,,,,,,,,,,,,,,,,,,,,,,,,,,,a bunch of averages made by a computer system.,5,If this kind of technology has worked in the past to prevent operation failures then it would make sense to cotinue to use it.,2,2,4,2,2,2,"He is not actually doing anything to create the algorithum, he is just following what it says.",5,He has history with the analysis in this way,1,,,,,,,,,,,,,,,,,,,,,,,,,,,,,,,,,,,,,2,,,,,,,,,,,,,,,,,,,,,,,,,,,,,,,,,,,,,,,,,,,,,,,,,,,,,,,,,,,,,,,,,,,,,,,,,,,,,,,,,,,,,,,,,,,,,,,,,1,35,1,5,2,2,1,,
7/12/17 8:44,7/12/17 8:46,0,67.164.231.116,100,118,1,7/12/17 8:46,R_1jBSWsSA3I3BedB,,,,,38.58309937,-121.4920959,anonymous,EN,A1PUHCEBSOWETV,"1,2",3,6,5,He is just doing his job.,4,2,2,2,3,3,He is tired of dealing with it but it is his job.,4,They have been working together for awhile.,1,,,,,,,,,,,,,,,,,,,,,,,,,,,,,,,,,,,,,5,,,,,,,,,,,,,,,,,,,,,,,,,,,,,,,,,,,,,,,,,,,,,,,,,,,,,,,,,,,,,,,,,,,,,,,,,,,,,,,,,,,,,,,,,,,,,,,,,,,,,,,,,,,,,,,,,,,,,,,,,,,,,,,,,,,,,,,,,,,,,,,,,,,,,,,,,,,,,,,,,,,,,,,,,,,,,,,,,,,,,,,,,,,,,,,,,,,2,20,2,4,1,5,1,,
7/12/17 8:43,7/12/17 8:53,0,41.139.207.146,100,614,1,7/12/17 8:53,R_w4VsqsRnILGN5ex,,,,,1,38,anonymous,EN,A2UUKFTD0VUX2S,"1,2",3,6,,,,,,,,,,,,,,,,,,,,,,,,,,,,,,,,,,,,,,,,,,,,,,,,,,,,,,,,,,,,,,,,,,,,,,,,,,,,,,,,,,,,,,,,,,,,,,,,,,Algorithms are a set of instructions given to a computer inorder for it to perform certain functions. ,,,,,,,,,,,,,,,,,,,,,,,,,,,,,,,,,,,,,,,,,,,,,,,,,3,,,,,,,,,,,,,,,,,,,,,,,,,3,I think it is unfair for a software to determine our future careers. This work shoud be done by a human,2,2,1,6,5,6,I think Chris will feel unappreciated that his resume is being evaluated by a computer software and not a person.,4,"The software will choose based on a set of instruction given and will not consider other factors such as personality, leadesship qualities.",1,,,,,,,,,,,,,,,,,,,,,,,,,,,,,,,,,,,,,,,,,,,,,,,,,,,,,,,,,,,,,1,31,2,5,2,3,3,,
7/12/17 8:48,7/12/17 8:55,0,76.122.112.101,100,457,1,7/12/17 8:55,R_1eV3PiBJiSsKwp0,,,,,33.96809387,-84.23040009,anonymous,EN,A17PAQSQ74L915,"1,2",3,6,,,,,,,,,,,,,,,,,,,,,,,,,,,,,,,,,,,,,,,,,,,,,,,,,,,,,,,,,,,,,,,,,,,,,,,,,,,,,,,,,,,,,,,,,,,,,,,,,,Algorithms are ways that computers get things done. Any complicated process is an algorithm. ,,,,,,,,,,,,,,,,,,,,,,,,,,,,,,,,,,,,,,,,,,,,,,,,,3,,,,,,,,,,,,,,,,,,,,,,,,,,,,,,,,,,,,,,,,,,,,,,,,,6,"The algorithm is impartial, so it going to treat Chris fairly.",3,3,4,3,2,2,"Chris shouldn't feel happy or sad since it is a result based on information, not someone's opinions or feelings. ",6,The combination of the two seems to cover what is important when it comes to making the task assignments.,1,,,,,,,,,,,,,,,,,,,,,,,,,,,,,,,,,,,,,3,23,2,3,2,4,1,,
7/12/17 9:23,7/12/17 9:31,0,107.13.131.218,100,439,1,7/12/17 9:31,R_3NHUyiU3DoEw15j,,,,,35.94659424,-78.79769897,anonymous,EN,A3609GDWR2JCCA,"1,2",3,6,,,,,,,,,,,,,,,,,,,,,,,,,,,,,,,,,,,,,,,,,,,,,,,,,,,,,,,,,,,,,,,,,,,,,,,,,,,,,,,,,,,,,,,,,,,,,,,,,,Algorithms are programs that are set up to choose a certain way of doing something or monitoring things.,,,,,,,,,,,,,,,,,,,,,,,,,,,,,,,,,,,,,,,,,,,,,,,,,4,6,It's completely fair for it to assign the task since it figures out what component needs maintenance.,4,4,4,2,2,2,"I don't think that Chris would be upset by it but I don't think he would be particularly happy, he would stay neutral.",4,I don't fully trust any machine or program that was made by man because it is imperfect and has the ability to fail.,1,,,,,,,,,,,,,,,,,,,,,,,,,,,,,,,,,,,,,,,,,,,,,,,,,,,,,,,,,,,,,,,,,,,,,,,,,,,,,,,,,,,,,1,30,1,3,2,3,1,,
7/12/17 13:22,7/12/17 13:25,0,69.207.82.203,100,158,1,7/12/17 13:25,R_1DInp1KJMzA7hkR,,,,,43.23519897,-78.20709991,anonymous,EN,A228YSXU6H27QT,"1,2",3,6,,,,,,,,,,,,,,,,,,,,,,,,,,,,,,,,,,,,,,,,,,,,,,,,,,,,,,,,,,,,,,,,,,,,,,,,,,,,,,,,,,,,,,,,,,,,,,,,,,A complex setting based on many examples. ,,,,,,,,,,,,,,,,,,,,,,,,,,,,,,,,,,,,,,,,,,,,,,,,,3,,,,,,,,,,,,,,,,,,,,,,,,,,,,,,,,,,,,,5,"I think it's somewhat fair as you can determine how well a call is going by the tone of voice, which is everything for customer service. ",4,4,4,4,4,5,"I think he may feel that it's ""out of his control"" with an algorithm however if its done well, it would work excellently. ",4,"If it's programmed well, it could help save time and evaluate fairly. ",1,,,,,,,,,,,,,,,,,,,,,,,,,,,,,,,,,,,,,,,,,,,,,,,,,1,33,2,3,1,3,4,,
7/12/17 13:22,7/12/17 13:26,0,50.110.18.174,100,234,1,7/12/17 13:26,R_2PusnzdfGgFznwu,,,,,38.36329651,-81.80889893,anonymous,EN,AVJ2J2LH1WMQB,"1,2",3,6,,,,,,,,,,,,,,,,,,,,,,,,,,,,,,,,,,,,,,,,,,,,,,,,,,,,,,,,,,,,,,,,,,,,,,,,,,,,,,,,,,,,,,,,,,,,,,,,,,An algorithm is a mathematical formula to decide how to relegate resources.,,,,,,,,,,,,,,,,,,,,,,,,,,,,,,,,,,,,,,,,,,,,,,,,,3,,,,,,,,,,,,,,,,,,,,,,,,,,,,,,,,,,,,,,,,,,,,,,,,,,,,,,,,,,,,,7,The algorithm schedules employees to balance workloads.,7,7,7,1,1,1,I believe Chris would enjoy the algorithm.,7,I believe it is scheduled fairly.,1,,,,,,,,,,,,,,,,,,,,,,,,,2,24,2,4,1,4,2,,
7/12/17 13:22,7/12/17 13:26,0,73.81.148.45,100,253,1,7/12/17 13:26,R_aeB2YxT8vy4P70d,,,,,40.0124054,-75.14710236,anonymous,EN,A20MYUKGSXUKM7,"1,2",3,6,,,,,,,,,,,,,,,,,,,,,,,,,,,,,,,,,,,,,,,,,,,,,,,,,1,,,,,,,,,,,,,2,A computer is used to determine his life. ,2,2,2,5,5,5,He doesn't have control over what happens to him. ,1,I don't trust a computer algorithm to make decisions that affect my life,1,,,,,,,,,,,,,,,,,,,,,,,,,Data collected by a computer to determine an outcome. ,,,,,,,,,,,,,,,,,,,,,,,,,,,,,,,,,,,,,,,,,,,,,,,,,,,,,,,,,,,,,,,,,,,,,,,,,,,,,,,,,,,,,,,,,,,,,,,,,,,,,,,,,,,,,,,,,,,,,,,,,,,,,,,,,,,,,,,,,,,,,,,,,,2,31,2,2,5,1,2,,
7/12/17 13:22,7/12/17 13:26,0,67.184.220.114,100,257,1,7/12/17 13:26,R_3ay3Y4VOrF1hnfH,,,,,42.40849304,-88.06340027,anonymous,EN,A2I5850G7EOPQ2,"1,2",3,6,,,,,,,,,,,,,,,,,,,,,,,,,,,,,,,,,,,,,,,,,,,,,,,,,1,,,,,,,,,,,,,,,,,,,,,,,,,,,,,,,,,,,,,5,thought it was pretty fair,5,5,5,3,3,3,thought he was pretty good ,4,i have some  trust not full ,4,rules followed by a computer system to detremaine things,,,,,,,,,,,,,,,,,,,,,,,,,,,,,,,,,,,,,,,,,,,,,,,,,,,,,,,,,,,,,,,,,,,,,,,,,,,,,,,,,,,,,,,,,,,,,,,,,,,,,,,,,,,,,,,,,,,,,,,,,,,,,,,,,,,,,,,,,,,,,,,,,,2,30,2,3,1,1,4,,
7/12/17 13:22,7/12/17 13:26,0,68.205.67.207,100,264,1,7/12/17 13:26,R_OyftqgCLlyzioV3,,,,,28.53410339,-81.16470337,anonymous,EN,A5BEH1IONAYMB,"1,2",3,6,,,,,,,,,,,,,,,,,,,,,,,,,,,,,,,,,,,,,,,,,,,,,,,,,,,,,,,,,,,,,,,,,,,,,,,,,,,,,,,,,,,,,,,,,,,,,,,,,,algorithms are formulas used to process data,,,,,,,,,,,,,,,,,,,,,,,,,,,,,,,,,,,,,,,,,,,,,,,,,3,,,,,,,,,,,,,,,,,,,,,,,,,6,The algorithm is able to sift through so many more applicants than a person physically could.,5,5,5,3,3,3,He would think it was fair.,5,I think it would be more fair than the manager strictly picking.,1,,,,,,,,,,,,,,,,,,,,,,,,,,,,,,,,,,,,,,,,,,,,,,,,,,,,,,,,,,,,,1,27,1,4,1,3,3,,
7/12/17 13:22,7/12/17 13:27,0,199.116.153.82,100,272,1,7/12/17 13:27,R_2tr796NlVGEIqGt,,,,,37.43960571,-83.29789734,anonymous,EN,A26K8OELA8ZDI9,"1,2",3,6,,,,,,,,,,,,,,,,,,,,,,,,,,,,,,,,,,,,,,,,,,,,,,,,,,,,,,,,,,,,,,,,,,,,,,,,,,,,,,,,,,,,,,,,,,,,,,,,,,measures that are set up in a computer system to perform certain tasks that would take too long for humans to do,,,,,,,,,,,,,,,,,,,,,,,,,4,"I think its fair because an actual person is making the final judgement, but also unfair because its an computer making initial choices.",4,4,3,4,4,5,Could potentially be frustrating based on results,3,They can only do so much after the algorithm has selected a few applicants.,1,,,,,,,,,,,,,2,,,,,,,,,,,,,,,,,,,,,,,,,,,,,,,,,,,,,,,,,,,,,,,,,,,,,,,,,,,,,,,,,,,,,,,,,,,,,,,,,,,,,,,,,,,,,,,,,1,27,2,4,1,2,3,,
7/12/17 13:23,7/12/17 13:27,0,172.12.207.80,100,254,1,7/12/17 13:27,R_3Q0nqBNdaGje2dl,,,,,40.02310181,-83.18099976,anonymous,EN,AOYXG2WN0902U,"1,2",3,6,,,,,,,,,,,,,,,,,,,,,,,,,,,,,,,,,,,,,,,,,,,,,,,,,,,,,,,,,,,,,,,,,,,,,,,,,,,,,,,,,,,,,,,,,,,,,,,,,,An algorithm is a series of steps followed to complete a procedure.,,,,,,,,,,,,,,,,,,,,,,,,,,,,,,,,,,,,,,,,,,,,,,,,,4,,,,,,,,,,,,,,,,,,,,,,,,,,,,,,,,,,,,,,,,,,,,,,,,,7,"It's simply what needs to be done. Between the algorithm and the manager, checking the component is likely to be the right task.",2,2,2,1,1,1,"I don't think Chris would really have any of these emotions about it. It would likely just be part of the job, unless he specifically didn't want to make the check.",7,Combining the algorithm with the manager increases the probability that the results will be accurate.,1,,,,,,,,,,,,,,,,,,,,,,,,,,,,,,,,,,,,,3,22,1,5,1,4,1,,
7/12/17 13:24,7/12/17 13:28,0,209.237.85.234,100,219,1,7/12/17 13:28,R_2uZB00RPxlx6SdM,,,,,44.78410339,-123.3376999,anonymous,EN,A1E4K9G6ZKPKX4,"1,2",3,6,,,,,,,,,,,,,7,It's the manager's job to assign shifts and he did his job. It is part of Chris's job to work when scheduled. ,3,3,4,5,4,5,I would guess most people don't like to work in the morning. ,5,"I don't have much information, so I can only give him moderate trust. ",1,,,,,,,,,,,,,,,,,,,,,,,,,5,,,,,,,,,,,,,,,,,,,,,,,,,,,,,,,,,,,,,,,,,,,,,,,,,,,,,,,,,,,,,,,,,,,,,,,,,,,,,,,,,,,,,,,,,,,,,,,,,,,,,,,,,,,,,,,,,,,,,,,,,,,,,,,,,,,,,,,,,,,,,,,,,,,,,,,,,,,,,,,,,,,,,,,,,,,,,,,,,,,,,,,,,,,,,,,,,,,1,30,2,4,1,5,2,,
7/12/17 13:22,7/12/17 13:28,0,71.92.47.31,100,351,1,7/12/17 13:28,R_UX7wNSu3Ayor9dv,,,,,32.53520203,-84.98480225,anonymous,EN,A1KZAWC8OC4SZ5,"1,2",3,6,,,,,,,,,,,,,,,,,,,,,,,,,7,"Why wouldn't it be fair? He analyzes the options and chooses the best one. It seems pretty fair to me, I can't think of anything unfair about it.",6,6,6,1,1,1,"I don't think Chris would have any problems with this technique, as it seems to be fair and it's pretty much the way any other job chooses applicants... they go over their options and choose the ones that are best suited for the company's needs.",4,"I don't truly trust anyone until I know them well, but given that this is his job, I would assume that he's been trained in this area and that he knows what he's doing, so I would trust him to do his job correctly.",1,,,,,,,,,,,,,5,,,,,,,,,,,,,,,,,,,,,,,,,,,,,,,,,,,,,,,,,,,,,,,,,,,,,,,,,,,,,,,,,,,,,,,,,,,,,,,,,,,,,,,,,,,,,,,,,,,,,,,,,,,,,,,,,,,,,,,,,,,,,,,,,,,,,,,,,,,,,,,,,,,,,,,,,,,,,,,,,,,,,,,,,,,,,,,,,,,,,,,,,,,,,,,,,,,2,36,2,4,1,5,3,,
7/12/17 13:22,7/12/17 13:28,0,50.201.35.162,100,375,1,7/12/17 13:28,R_3Pnnx2Bip1en7Vl,,,,,39.21060181,-76.82679749,anonymous,EN,A1RSJ45RXTREWN,"1,2",3,6,,,,,,,,,,,,,,,,,,,,,,,,,,,,,,,,,,,,,,,,,,,,,,,,,,,,,,,,,,,,,,,,,,,,,,,,,,,,,,,,,,,,,,,,,,,,,,,,,,Formulas that take different kinds of information into consideration and come up with solutions based on this inputted information.,,,,,,,,,,,,,6,The algorithm will be unbiased in it's scheduling and applied to all employees equally.,5,4,4,2,2,2,"Since the algorithm is based on availability, Chris should be fine with his schedule.",5,It's a logical step-by-step process with little room for error.,1,,,,,,,,,,,,,,,,,,,,,,,,,2,,,,,,,,,,,,,,,,,,,,,,,,,,,,,,,,,,,,,,,,,,,,,,,,,,,,,,,,,,,,,,,,,,,,,,,,,,,,,,,,,,,,,,,,,,,,,,,,,1,37,1,5,1,2,2,,
7/12/17 13:25,7/12/17 13:28,0,71.226.124.44,100,202,1,7/12/17 13:28,R_2f7E2QkNOFM6bW4,,,,,32.3117981,-110.9259033,anonymous,EN,A3696JXTRKL2FI,"1,2",3,6,,,,,,,,,,,,,,,,,,,,,,,,,,,,,,,,,,,,,,,,,,,,,,,,,,,,,,,,,,,,,,,,,,,,,,,,,,,,,,,,,,,,,,,,,,,,,,,,,,I think they are computer programs designed to look for patterns.,,,,,,,,,,,,,,,,,,,,,,,,,3,I think that the algorithm could miss things or misinterpret things. ,3,3,2,5,4,6,I think that he would feel frustrated that no one is actually reading his information. ,3,I think that the manager can make a good decision but may miss a lot of good people. ,1,,,,,,,,,,,,,2,,,,,,,,,,,,,,,,,,,,,,,,,,,,,,,,,,,,,,,,,,,,,,,,,,,,,,,,,,,,,,,,,,,,,,,,,,,,,,,,,,,,,,,,,,,,,,,,,2,26,2,5,1,2,3,,
7/12/17 13:24,7/12/17 13:28,0,71.226.78.136,100,276,1,7/12/17 13:28,R_2eR64x4zXTDwIhc,,,,,32.03030396,-81.16439819,anonymous,EN,A32QJF67JMJFKX,"1,2",3,6,,,,,,,,,,,,,,,,,,,,,,,,,,,,,,,,,,,,,,,,,,,,,,,,,,,,,,,,,,,,,,,,,,,,,,,,,,,,,,,,,,,,,,,,,,,,,,,,,,Predefined rules that calculate data. ,,,,,,,,,,,,,,,,,,,,,,,,,,,,,,,,,,,,,4,"It's what it is. Nothing is fair in the workplace when it comes to performance evaluation, it's all subjective anyhow. ",4,4,4,4,4,4,"I don't know, he probably doesn't have feeling until AFTER THE EVALUATION. ",3,I don't know how good the algorithm is. His evaluation is largely based on what the computer tells them. ,1,2,,,,,,,,,,,,,,,,,,,,,,,,,,,,,,,,,,,,,,,,,,,,,,,,,,,,,,,,,,,,,,,,,,,,,,,,,,,,,,,,,,,,,,,,,,,,,,,,,2,30,2,4,1,2,4,,
7/12/17 13:25,7/12/17 13:29,0,73.58.148.126,100,246,1,7/12/17 13:29,R_31ZQUElmyIEXxop,,,,,36.14729309,-86.77700043,anonymous,EN,A3FBV53GPOAG8X,"1,2",3,6,,,,,,,,,,,,,,,,,,,,,,,,,,,,,,,,,,,,,,,,,,,,,,,,,,,,,,,,,,,,,,,,,,,,,,,,,,,,,,,,,,,,,,,,,,,,,,,,,,"a process of calculations based on a set of rules, usually by a computer.",,,,,,,,,,,,,,,,,,,,,,,,,,,,,,,,,,,,,,,,,,,,,,,,,4,,,,,,,,,,,,,,,,,,,,,,,,,,,,,,,,,,,,,,,,,,,,,,,,,,,,,,,,,,,,,,,,,,,,,,,,,,,,,,,,,,,,,5,It should really be by his manager.,3,4,4,5,5,5,I personally believe that he would like to be evaluated by a human.,4,Again...humans.,1,2,27,1,3,1,4,4,,
7/12/17 13:22,7/12/17 13:29,0,99.108.152.126,100,402,1,7/12/17 13:29,R_3qQK1YSbDgCm7zZ,,,,,33.60929871,-84.06140137,anonymous,EN,A1MYDAL453CN5Q,"1,2",3,6,,,,,,,,,,,,,,,,,,,,,,,,,,,,,,,,,,,,,,,,,,,,,,,,,1,,,,,,,,,,,,,,,,,,,,,,,,,6,the algorithm woulc come up with a fair solution,6,5,6,2,1,2,i don't think he would feel a certain way,5,it's programmed to make good decisions using the given data,1,,,,,,,,,,,,,a set of instructions,,,,,,,,,,,,,,,,,,,,,,,,,,,,,,,,,,,,,,,,,,,,,,,,,,,,,,,,,,,,,,,,,,,,,,,,,,,,,,,,,,,,,,,,,,,,,,,,,,,,,,,,,,,,,,,,,,,,,,,,,,,,,,,,,,,,,,,,,,,,,,,,,,3,22,2,3,2,1,3,,
7/12/17 13:24,7/12/17 13:29,0,24.194.109.186,100,272,1,7/12/17 13:29,R_279V05mDOhGj7Tz,,,,,43.13130188,-74.35710144,anonymous,EN,A2RG2O0HQA5VQJ,"1,2",3,6,,,,,,,,,,,,,,,,,,,,,,,,,,,,,,,,,,,,,,,,,,,,,,,,,,,,,,,,,,,,,,,,,,,,,,,,,,,,,,,,,,,,,,,,,,,,,,,,,,Algorithms are sets of code that tell a computer what to do or how to solve a task.,,,,,,,,,,,,,,,,,,,,,,,,,,,,,,,,,,,,,,,,,,,,,,,,,3,5,"The task is being assigned by a computer, not a person. There's no sense of unfairness because of this. I feel like in order for something to be unfair, there has to be another human causing it.",4,4,3,2,1,2,Chris is likely just going through the motions. I don't think he views these tasks as any certain way.,6,"There's likely little room for error within the algorithm, especially since it's constantly monitored.",1,,,,,,,,,,,,,,,,,,,,,,,,,,,,,,,,,,,,,,,,,,,,,,,,,,,,,,,,,,,,,,,,,,,,,,,,,,,,,,,,,,,,,1,22,1,5,1,3,1,,
7/12/17 13:22,7/12/17 13:29,0,165.225.38.83,100,451,1,7/12/17 13:29,R_w0PRCQm4NPHC8MN,,,,,40.73080444,-73.99749756,anonymous,EN,A23EWFNNOUS10B,"1,2",3,6,,,,,,,,,,,,,,,,,,,,,,,,,,,,,,,,,,,,,,,,,,,,,,,,,1,7,I believe it is fair that an algorithm determines what needs to be fixed. ,6,6,6,1,1,1,I believe he would be pleased as the room for error with the algorithm is most likely miniscule. ,7,Algorithms are proven to help in many areas of life and I definitely trust them.,1,,,,,,,,,,,,,,,,,,,,,,,,,,,,,,,,,,,,,Algorithms are a set of computer calculations that are used to assist in solving problems.,,,,,,,,,,,,,,,,,,,,,,,,,,,,,,,,,,,,,,,,,,,,,,,,,,,,,,,,,,,,,,,,,,,,,,,,,,,,,,,,,,,,,,,,,,,,,,,,,,,,,,,,,,,,,,,,,,,,,,,,,,,,,,,,,,,,,,,,,,,,,,,,,,1,30,2,5,1,1,1,,
7/12/17 13:22,7/12/17 13:30,0,75.177.147.99,100,470,1,7/12/17 13:30,R_UROJ3efK8VBh8Dn,,,,,35.64610291,-78.57910156,anonymous,EN,A3AFC26CB0AXMI,"1,2",3,6,,,,,,,,,,,,,,,,,,,,,,,,,,,,,,,,,,,,,,,,,,,,,,,,,,,,,,,,,,,,,,,,,,,,,,,,,,,,,,,,,,,,,,,,,,,,,,,,,,a computer program that looks for certain criteria that the user inputs,,,,,,,,,,,,,,,,,,,,,,,,,,,,,,,,,,,,,,,,,,,,,,,,,2,,,,,,,,,,,,,,,,,,,,,,,,,,,,,,,,,,,,,,,,,,,,,,,,,,,,,,,,,,,,,,,,,,,,,,,,,6,the manager looks at the statements to get a feel for the applicants and the Algorithm looks for key words in the resume that match what the company needs thus reducing the time needed to search for applicants who are qualified.,5,4,5,4,2,3,he might feel a little frustrated based on if he was selected or not otherwise i believe the system is fair,6,computers dont make choices based of off likability they have a task to do they search for applicants who meet the requirements,1,,,,,,,,,,,,,3,31,2,4,1,4,3,,
7/12/17 13:22,7/12/17 13:30,0,97.91.80.77,100,454,1,7/12/17 13:30,R_25LolQq0EJl3VjX,,,,,42.581604,-88.54090118,anonymous,EN,AE608VRXK6M2E,"1,2",3,6,,,,,,,,,,,,,,,,,,,,,,,,,,,,,,,,,,,,,,,,,,,,,,,,,,,,,,,,,,,,,,,,,,,,,,,,,,,,,,,,,,,,,,,,,,,,,,,,,,Algorithms are programs that take in certain data and use that data to find outcomes to problems.,,,,,,,,,,,,,,,,,,,,,,,,,,,,,,,,,,,,,,,,,,,,,,,,,3,,,,,,,,,,,,,4,I don't think it's fair or unfair because the algorithm is simply looking at all the factors and making the best choice with that information.,3,4,3,6,5,5,"While the algorithm didn't make a fair or unfair decision, i could see how Chris would be annoyed with the fact that his schedule is automated in such a way.",4,"It depends on how well-built the algorithm is, and at a place like that I would think it might not be very good.",1,,,,,,,,,,,,,,,,,,,,,,,,,,,,,,,,,,,,,,,,,,,,,,,,,,,,,,,,,,,,,,,,,,,,,,,,,3,30,2,4,1,3,2,,
7/12/17 13:26,7/12/17 13:31,0,108.198.55.69,100,300,1,7/12/17 13:31,R_1jU6UPpktc6bd2p,,,,,33.85949707,-84.68379974,anonymous,EN,A13R58FYOMTJKQ,"1,2",3,6,,,,,,,,,,,,,,,,,,,,,,,,,,,,,,,,,,,,,6,That's perfectly normal. I don't see why someone would think it was unfair.,2,2,4,4,3,4,"I'm assuming Chris' reaction to being evaluated, not his reaction to the contents of the evaluation.",3,"I don't know this manager, but I would automatically give him/her a small amount of trust just for being a manager.",1,5,,,,,,,,,,,,,,,,,,,,,,,,,,,,,,,,,,,,,,,,,,,,,,,,,,,,,,,,,,,,,,,,,,,,,,,,,,,,,,,,,,,,,,,,,,,,,,,,,,,,,,,,,,,,,,,,,,,,,,,,,,,,,,,,,,,,,,,,,,,,,,,,,,,,,,,,,,,,,,,,,,,,,,,,,,,,,,,,,,,,,,,,,,,,,,,,,,,2,28,2,3,1,5,4,,
7/12/17 13:28,7/12/17 13:31,0,173.28.206.17,100,153,1,7/12/17 13:31,R_2XpRZs3Bfc8zgED,,,,,41.64190674,-91.46170044,anonymous,EN,A35C12CR628WKD,"1,2",3,6,,,,,,,,,,,,,,,,,,,,,,,,,,,,,,,,,,,,,,,,,,,,,,,,,,,,,,,,,,,,,,,,,,,,,,,,,,,,,,,,,,,,,,,,,,,,,,,,,,I think algorithms are like a program or series of steps to reach a result,,,,,,,,,,,,,,,,,,,,,,,,,,,,,,,,,,,,,,,,,,,,,,,,,3,,,,,,,,,,,,,4,It doesn't seem that bad that he is scheduled mornings,4,4,4,4,4,4,I'm sure chris would be indifferent.,5,I trust it because a manager can adjust it,1,,,,,,,,,,,,,,,,,,,,,,,,,,,,,,,,,,,,,,,,,,,,,,,,,,,,,,,,,,,,,,,,,,,,,,,,,2,21,2,3,1,3,2,,
7/12/17 13:26,7/12/17 13:31,0,73.167.166.94,100,297,1,7/12/17 13:31,R_2vkbLgjGVlYWe1f,,,,,41.36799622,-72.45639801,anonymous,EN,A6U2C66WQ7QQN,"1,2",3,6,,,,,,,,,,,,,,,,,,,,,,,,,,,,,,,,,,,,,,,,,,,,,,,,,,,,,,,,,,,,,,,,,,,,,,,,,,,,,,,,,,,,,,,,,,,,,,,,,,A system that analyzes data and makes assumptions based on past data,,,,,,,,,,,,,,,,,,,,,,,,,,,,,,,,,,,,,,,,,,,,,,,,,4,,,,,,,,,,,,,,,,,,,,,,,,,,,,,,,,,,,,,,,,,,,,,,,,,,,,,,,,,,,,,,,,,,,,,,,,,,,,,,,,,,,,,5,"It's good to have a human analyze things sometimes, in addition to a compute.r ",4,4,4,6,4,4,"Chris might feel as though he is doing bad and needs a human to also look after him, in addition to a computer. ",5,The manager knows the people better than the computer and can influence a more favorable (or not) outcome relevant to the individual . ,1,2,35,1,2,1,4,4,,
7/12/17 13:29,7/12/17 13:31,0,67.246.52.65,100,150,1,7/12/17 13:31,R_2YWKCUrHIZ5JlHR,,,,,42.60119629,-73.65249634,anonymous,EN,A2NAKIXS3DVGAA,"1,2",3,6,,,,,,,,,,,,,,,,,,,,,,,,,,,,,,,,,,,,,,,,,,,,,,,,,,,,,,,,,,,,,,,,,,,,,,,,,,,,,,,,,,,,,,,,,,,,,,,,,,A process or set of rules.,,,,,,,,,,,,,,,,,,,,,,,,,,,,,,,,,,,,,,,,,,,,,,,,,3,6,It seems to be fair.,6,6,6,2,2,2,Chris would probably feel good.,6,There is no reason not to trust the algorithm.,1,,,,,,,,,,,,,,,,,,,,,,,,,,,,,,,,,,,,,,,,,,,,,,,,,,,,,,,,,,,,,,,,,,,,,,,,,,,,,,,,,,,,,2,23,2,5,1,3,1,,
7/12/17 13:29,7/12/17 13:32,0,68.188.167.13,100,216,1,7/12/17 13:32,R_2PBFuWaopWVVw7Y,,,,,43.04429626,-83.51920319,anonymous,EN,A35NM2285DUAFH,"1,2",3,6,,,,,,,,,,,,,7,Completely fair. This is part of the job and this is what is required of him.,6,6,4,1,1,1,Why would he be mad about having to work in the morning? Would he prefer working in the middle of the night?,7,The manager knows when the most customers come in and is best suited to make schedule changes.,1,,,,,,,,,,,,,,,,,,,,,,,,,5,,,,,,,,,,,,,,,,,,,,,,,,,,,,,,,,,,,,,,,,,,,,,,,,,,,,,,,,,,,,,,,,,,,,,,,,,,,,,,,,,,,,,,,,,,,,,,,,,,,,,,,,,,,,,,,,,,,,,,,,,,,,,,,,,,,,,,,,,,,,,,,,,,,,,,,,,,,,,,,,,,,,,,,,,,,,,,,,,,,,,,,,,,,,,,,,,,,1,27,1,5,1,5,2,,
7/12/17 13:22,7/12/17 13:33,0,100.6.20.194,100,687,1,7/12/17 13:33,R_3gTKOABpXis6ctd,,,,,40.44389343,-79.95610046,anonymous,EN,A3U7TRQS729GNW,"1,2",3,6,,,,,,,,,,,,,,,,,,,,,,,,,7,Every applicant is able to showcase themselves in the same way creating an equal chance at getting an interview. ,5,4,6,2,1,5,I think that he would be nervous and frustrated if they considered him a top applicant but also happy if he considers himself quality.,5,It is in the managers best interests to get a good worker to succeed in his own job so I think he would try and pick the best possible applicants. ,1,,,,,,,,,,,,,5,,,,,,,,,,,,,,,,,,,,,,,,,,,,,,,,,,,,,,,,,,,,,,,,,,,,,,,,,,,,,,,,,,,,,,,,,,,,,,,,,,,,,,,,,,,,,,,,,,,,,,,,,,,,,,,,,,,,,,,,,,,,,,,,,,,,,,,,,,,,,,,,,,,,,,,,,,,,,,,,,,,,,,,,,,,,,,,,,,,,,,,,,,,,,,,,,,,2,25,1,3,2,5,3,,
7/12/17 13:29,7/12/17 13:34,0,50.48.165.166,100,249,1,7/12/17 13:34,R_1OCXDDtB07fpnpS,,,,,43.18190002,-77.64009857,anonymous,EN,A1EI4NMV2EHSIY,"1,2",3,6,,,,,,,,,,,,,,,,,,,,,,,,,,,,,,,,,,,,,,,,,,,,,,,,,,,,,,,,,,,,,,,,,,,,,,,,,,,,,,,,,,,,,,,,,,,,,,,,,,A computer program that analizes data.,,,,,,,,,,,,,6,It seems like a fair way to make sure the shifts are covered.,6,3,2,2,2,2,He would probably be happy to work,5,If the algorithm is right it would be a good way to decide so long as they could change it,1,,,,,,,,,,,,,,,,,,,,,,,,,2,,,,,,,,,,,,,,,,,,,,,,,,,,,,,,,,,,,,,,,,,,,,,,,,,,,,,,,,,,,,,,,,,,,,,,,,,,,,,,,,,,,,,,,,,,,,,,,,,1,47,1,3,1,2,2,,
7/12/17 13:22,7/12/17 13:34,0,66.68.202.189,100,723,1,7/12/17 13:34,R_2aQSvE81VkyzTiO,,,,,26.2454071,-97.68360138,anonymous,EN,A2GN5L03ZQEOZF,"1,2",3,6,,,,,,,,,,,,,,,,,,,,,,,,,,,,,,,,,,,,,,,,,,,,,,,,,1,,,,,,,,,,,,,,,,,,,,,,,,,5,I think it's somewhat fair because it's a algorithm  deciding and a algorithm can't pick someone just because they personally favor them due to some sort of relationship and the algorithm  may not see all their unique qualities.,4,3,3,3,2,5,I think he would be somewhat frustrated because it's an algorithm deciding if he gets the job or not and not an actual person he can talk to.,4,I trust it some because it's just an algorithm it's not an actual person who can see if someone is just going to be lazy or if they aren't what they stated when they took the test.,1,,,,,,,,,,,,,A computer coding set to identify the best answers and see what they are like and what they prefer based on set questions or search results.,,,,,,,,,,,,,,,,,,,,,,,,,,,,,,,,,,,,,,,,,,,,,,,,,,,,,,,,,,,,,,,,,,,,,,,,,,,,,,,,,,,,,,,,,,,,,,,,,,,,,,,,,,,,,,,,,,,,,,,,,,,,,,,,,,,,,,,,,,,,,,,,,,1,25,1,3,3,1,3,,
7/12/17 13:31,7/12/17 13:36,0,74.98.211.120,100,290,1,7/12/17 13:36,R_3JqFvR3pkuudosx,,,,,40.43449402,-79.8660965,anonymous,EN,A2P76QVLSGJR45,"1,2",3,6,,,,,,,,,,,,,,,,,,,,,,,,,,,,,,,,,,,,,,,,,,,,,,,,,,,,,,,,,,,,,,,,,,,,,,,,,,,,,,,,,,,,,,,,,,,,,,,,,,they are computer programs that analyze data,,,,,,,,,,,,,,,,,,,,,,,,,,,,,,,,,,,,,,,,,,,,,,,,,4,,,,,,,,,,,,,,,,,,,,,,,,,,,,,,,,,,,,,,,,,,,,,,,,,,,,,,,,,,,,,,,,,,,,,,,,,5,"It is standard practice to use an algorithm, so it's fair in the sense that it's common, but it's not as good as having a human read them.",3,3,3,5,5,5,I think resume algorithms tend to frustrate most job seekers.  It becomes a game of how to get the algorthims attention,5,I think in most cases it does ok,1,,,,,,,,,,,,,3,38,1,6,1,4,3,,
7/12/17 13:22,7/12/17 13:37,0,122.53.164.17,100,924,1,7/12/17 13:37,R_1pDlFUM2iVcEpPk,,,,,14.95469666,120.8969116,anonymous,EN,A3KCZB9IL6CVH,"1,2",3,6,,,,,,,,,,,,,,,,,,,,,,,,,,,,,,,,,,,,,,,,,,,,,,,,,,,,,,,,,,,,,,,,,,,,,,,,,,,,,,,,,,,,,,,,,,,,,,,,,,algorithms are programs and codes needed for a system to function automatically.,,,,,,,,,,,,,,,,,,,,,,,,,,,,,,,,,,,,,,,,,,,,,,,,,2,,,,,,,,,,,,,,,,,,,,,,,,,,,,,,,,,,,,,,,,,,,,,,,,,5,he's working in amanufacturing factory so he might know about it.,5,6,6,3,4,3,I think that he loves and he's proud of his job.,4,"though it takes a lot of reviews and test to make algorithm trustful and accurate, it needs to be always monitored ",1,,,,,,,,,,,,,,,,,,,,,,,,,,,,,,,,,,,,,1,29,2,4,1,4,1,,
7/12/17 13:25,7/12/17 13:38,0,108.194.200.239,100,765,1,7/12/17 13:38,R_Oa2q64cH7v6c4Rb,,,,,29.4519043,-90.61589813,anonymous,EN,A1USR9JCAMDGM3,"1,2",3,6,7,The manager must believe that Chris can do the job.,7,7,7,1,1,1,I think Chris is good with the decision.,7,The manager seems very trustworthy,1,,,,,,,,,,,,,,,,,,,,,,,,,,,,,,,,,,,,,5,,,,,,,,,,,,,,,,,,,,,,,,,,,,,,,,,,,,,,,,,,,,,,,,,,,,,,,,,,,,,,,,,,,,,,,,,,,,,,,,,,,,,,,,,,,,,,,,,,,,,,,,,,,,,,,,,,,,,,,,,,,,,,,,,,,,,,,,,,,,,,,,,,,,,,,,,,,,,,,,,,,,,,,,,,,,,,,,,,,,,,,,,,,,,,,,,,,1,31,1,2,1,5,1,,
7/12/17 13:29,7/12/17 13:38,0,47.44.39.130,100,503,1,7/12/17 13:38,R_3ewaZKVDUqKfCpH,,,,,43.10820007,-89.27059937,anonymous,EN,A24GPHD08ZS5LT,"1,2",3,6,6,It is his job to analyze and maintain the components of the factory. If Chris works on the factory floor then he should be able to check and work on the machinery. ,2,2,2,2,2,5,"I'd imagine there is a chance that Chris may not like his job. He wouldn't be happy to do it, that seems a it unrealistic. ",4,"There isn't enough information here to determine if this manager is actually competent. As such, I feel that he has to be somewhat decent in order to still have the job. Therefore, he gets the option of somewhat trust. ",1,,,,,,,,,,,,,,,,,,,,,,,,,,,,,,,,,,,,,5,,,,,,,,,,,,,,,,,,,,,,,,,,,,,,,,,,,,,,,,,,,,,,,,,,,,,,,,,,,,,,,,,,,,,,,,,,,,,,,,,,,,,,,,,,,,,,,,,,,,,,,,,,,,,,,,,,,,,,,,,,,,,,,,,,,,,,,,,,,,,,,,,,,,,,,,,,,,,,,,,,,,,,,,,,,,,,,,,,,,,,,,,,,,,,,,,,,2,30,1,5,2,5,1,,
7/12/17 13:23,7/12/17 13:38,0,72.190.32.34,100,885,1,7/12/17 13:38,R_shZQmMkI4y7aogN,,,,,33.00169373,-96.84410095,anonymous,EN,A3GJWXA13GMS9H,"1,2",3,6,,,,,,,,,,,,,,,,,,,,,,,,,,,,,,,,,,,,,,,,,,,,,,,,,1,,,,,,,,,,,,,4,Not sure how the algorithm works,4,4,4,4,4,4,calm,4,I need more information,1,,,,,,,,,,,,,,,,,,,,,,,,,computer programs,,,,,,,,,,,,,,,,,,,,,,,,,,,,,,,,,,,,,,,,,,,,,,,,,,,,,,,,,,,,,,,,,,,,,,,,,,,,,,,,,,,,,,,,,,,,,,,,,,,,,,,,,,,,,,,,,,,,,,,,,,,,,,,,,,,,,,,,,,,,,,,,,,2,27,1,6,4,1,2,,
7/12/17 13:36,7/12/17 13:38,0,104.169.50.110,100,132,1,7/12/17 13:38,R_2uwILiLSuoaeHlM,,,,,47.85609436,-122.2828979,anonymous,EN,A2E3TO92MCQ9XU,"1,2",3,6,,,,,,,,,,,,,,,,,,,,,,,,,,,,,,,,,,,,,,,,,,,,,,,,,1,4,There's not enough information presented for fairness to be an issue.,1,1,1,1,1,1,I think it's a job for Chris. I think he's feeling mostly neutral and indifferent.,4,I was not given information on how well the algorithm performed.,1,,,,,,,,,,,,,,,,,,,,,,,,,,,,,,,,,,,,,"a process used to solve a problem, typically used by a computer ",,,,,,,,,,,,,,,,,,,,,,,,,,,,,,,,,,,,,,,,,,,,,,,,,,,,,,,,,,,,,,,,,,,,,,,,,,,,,,,,,,,,,,,,,,,,,,,,,,,,,,,,,,,,,,,,,,,,,,,,,,,,,,,,,,,,,,,,,,,,,,,,,,4,35,2,5,1,1,1,,
7/12/17 13:25,7/12/17 13:39,0,71.201.17.210,100,840,1,7/12/17 13:39,R_2DP9stF2RbG2b9q,,,,,41.9223938,-87.65239716,anonymous,EN,AMZV70TID53WY,"1,2",3,6,,,,,,,,,,,,,,,,,,,,,,,,,,,,,,,,,,,,,,,,,,,,,,,,,,,,,,,,,,,,,,,,,,,,,,,,,,,,,,,,,,,,,,,,,,,,,,,,,,Rules a computer uses to solve problems,7,Its part of his job working at the factory so its very fair.,5,4,5,1,1,3,Hes happy to do work on his job and fix things.,6,The machine decides whats wrong and the manager gives the work to the workers,1,,,,,,,,,,,,,,,,,,,,,,,,,,,,,,,,,,,,,2,,,,,,,,,,,,,,,,,,,,,,,,,,,,,,,,,,,,,,,,,,,,,,,,,,,,,,,,,,,,,,,,,,,,,,,,,,,,,,,,,,,,,,,,,,,,,,,,,1,23,2,3,1,2,1,,
7/12/17 13:36,7/12/17 13:39,0,97.93.212.245,100,159,1,7/12/17 13:39,R_yDVgx10NJtdrUqd,,,,,32.7545929,-97.78759766,anonymous,EN,A3W6T1WDYXMR3,"1,2",3,6,,,,,,,,,,,,,,,,,,,,,,,,,,,,,,,,,,,,,6,A manager should want the best people for the job so evaluating his employees is fair as they are getting paid to do a good job.,2,1,3,2,3,4,I don't think Chris would like it,6,I think a manager just wants the best person so he would be honest,1,5,,,,,,,,,,,,,,,,,,,,,,,,,,,,,,,,,,,,,,,,,,,,,,,,,,,,,,,,,,,,,,,,,,,,,,,,,,,,,,,,,,,,,,,,,,,,,,,,,,,,,,,,,,,,,,,,,,,,,,,,,,,,,,,,,,,,,,,,,,,,,,,,,,,,,,,,,,,,,,,,,,,,,,,,,,,,,,,,,,,,,,,,,,,,,,,,,,,1,24,2,3,1,5,4,,
7/12/17 13:37,7/12/17 13:39,0,71.206.203.234,100,118,1,7/12/17 13:39,R_2ZK34YOZ4VXhQrH,,,,,40.57279968,-79.72480011,anonymous,EN,A3KT7FHYY6PF2P,"1,2",3,6,,,,,,,,,,,,,,,,,,,,,,,,,,,,,,,,,,,,,,,,,,,,,,,,,1,,,,,,,,,,,,,,,,,,,,,,,,,,,,,,,,,,,,,5,It should be pretty good for this,5,5,5,4,3,3,He might feel good that there is a chance things are fair,6,There is a good chance it works,1,Automatic processes ,,,,,,,,,,,,,,,,,,,,,,,,,,,,,,,,,,,,,,,,,,,,,,,,,,,,,,,,,,,,,,,,,,,,,,,,,,,,,,,,,,,,,,,,,,,,,,,,,,,,,,,,,,,,,,,,,,,,,,,,,,,,,,,,,,,,,,,,,,,,,,,,,,2,27,2,3,1,1,4,,
7/12/17 13:39,7/12/17 13:42,0,73.166.225.134,100,151,1,7/12/17 13:42,R_1i3DjAMzaYOZ7DP,,,,,29.77090454,-95.40720367,anonymous,EN,A12FCLCVIM2CL3,"1,2",3,6,,,,,,,,,,,,,,,,,,,,,,,,,,,,,,,,,,,,,,,,,,,,,,,,,1,,,,,,,,,,,,,7,If the algorithm uses employee availability then it seems very fair.,7,6,5,2,1,2,He's available so he would probably want to work.,6,It does not rely on humans.,1,,,,,,,,,,,,,,,,,,,,,,,,,Computer rules for determining things.,,,,,,,,,,,,,,,,,,,,,,,,,,,,,,,,,,,,,,,,,,,,,,,,,,,,,,,,,,,,,,,,,,,,,,,,,,,,,,,,,,,,,,,,,,,,,,,,,,,,,,,,,,,,,,,,,,,,,,,,,,,,,,,,,,,,,,,,,,,,,,,,,,2,32,2,5,1,1,2,,
7/12/17 13:38,7/12/17 13:43,0,66.213.29.139,100,321,1,7/12/17 13:43,R_2fIhGRuArRwHgUa,,,,,39.99299622,-82.99849701,anonymous,EN,A3F0NFNLOLFJT0,"1,2",3,6,,,,,,,,,,,,,,,,,,,,,,,,,,,,,,,,,,,,,,,,,,,,,,,,,,,,,,,,,,,,,,,,,,,,,,,,,,,,,,,,,,,,,,,,,,,,,,,,,,A set of rules that are applied to a certain situation to help determine a data point from the given information.,,,,,,,,,,,,,,,,,,,,,,,,,,,,,,,,,,,,,,,,,,,,,,,,,3,,,,,,,,,,,,,,,,,,,,,,,,,7,I think it is more fair that it is reviewed by a human. That makes the chance for error less in my opinion.,4,4,4,4,4,4,I don't think it would hurt or improve his feelings either way.,5,I think the manager would want to hire the best for the job so I trust him to do so which would make his job easier in the long run.,1,,,,,,,,,,,,,,,,,,,,,,,,,,,,,,,,,,,,,,,,,,,,,,,,,,,,,,,,,,,,,3,34,2,4,1,3,3,,
7/12/17 13:42,7/12/17 13:50,0,72.23.112.5,100,473,1,7/12/17 13:50,R_2Cla9gUmMzQ5ZH8,,,,,40.07600403,-79.91940308,anonymous,EN,A3D9L5CQXK1YJL,"1,2",3,6,,,,,,,,,,,,,,,,,,,,,,,,,,,,,,,,,,,,,,,,,,,,,,,,,,,,,,,,,,,,,,,,,,,,,,,,,,,,,,,,,,,,,,,,,,,,,,,,,,"Algorithm is a fancy word for flow-chart. It is just a computer program that chooses based on ifs, elses, thats and other functions.",,,,,,,,,,,,,,,,,,,,,,,,,,,,,,,,,,,,,,,,,,,,,,,,,2,,,,,,,,,,,,,,,,,,,,,,,,,,,,,,,,,,,,,,,,,,,,,,,,,,,,,,,,,,,,,4,Fairness does not come into play when filling open time slots for hour of work needed. I would imagine that Chris is scheduled according to either policy or hours he has agreed to work.,4,4,1,1,1,1,"Unless the algorithm is wrong or is robbing Chris' hours or overworking him, I don't see how feelings can even come into play.",5,"Depending on the algorithm, it can fill slots with the best employees for the needed work to meeting the needs of the demographic being served.",1,,,,,,,,,,,,,,,,,,,,,,,,,2,53,2,3,1,4,2,,
7/12/17 13:42,7/12/17 13:52,0,47.36.161.35,100,557,1,7/12/17 13:52,R_1n8GIHJbk0lkJcV,,,,,42.44400024,-122.1741028,anonymous,EN,A3E8SXH0BAYG85,"1,2",3,6,,,,,,,,,,,,,,,,,,,,,,,,,,,,,,,,,,,,,,,,,,,,,,,,,,,,,,,,,,,,,,,,,,,,,,,,,,,,,,,,,,,,,,,,,,,,,,,,,,They are computer programs that solve problems or calculations,,,,,,,,,,,,,,,,,,,,,,,,,,,,,,,,,,,,,,,,,,,,,,,,,3,,,,,,,,,,,,,,,,,,,,,,,,,6,The algorithm would only select the most qualified candidates and not use any kind of bias.,2,2,2,2,2,2,Chris would feel neutral until he finds out if he is picked or not,6,The algorithm will not make mistakes,1,,,,,,,,,,,,,,,,,,,,,,,,,,,,,,,,,,,,,,,,,,,,,,,,,,,,,,,,,,,,,1,45,2,3,1,3,3,,
7/12/17 13:59,7/12/17 14:02,0,99.44.138.10,100,172,1,7/12/17 14:02,R_3npjcNoMGRUyX4I,,,,,29.61599731,-90.47200012,anonymous,EN,AEOABZVWCR0WZ,"1,2",3,6,,,,,,,,,,,,,4,Standard practice in a business.,5,4,4,3,3,3,No indication that Chris doesn't want to work mornings.,5,Had good experiences with scheduling managers.,1,,,,,,,,,,,,,,,,,,,,,,,,,5,,,,,,,,,,,,,,,,,,,,,,,,,,,,,,,,,,,,,,,,,,,,,,,,,,,,,,,,,,,,,,,,,,,,,,,,,,,,,,,,,,,,,,,,,,,,,,,,,,,,,,,,,,,,,,,,,,,,,,,,,,,,,,,,,,,,,,,,,,,,,,,,,,,,,,,,,,,,,,,,,,,,,,,,,,,,,,,,,,,,,,,,,,,,,,,,,,,3,39,2,5,1,5,2,,
7/12/17 14:19,7/12/17 14:25,0,24.73.186.243,100,364,1,7/12/17 14:25,R_12a5egnpJzKlVfF,,,,,33.50650024,-86.74079895,anonymous,EN,A1FYFBIFYWTMJS,"1,2",3,6,,,,,,,,,,,,,,,,,,,,,,,,,,,,,,,,,,,,,,,,,,,,,,,,,,,,,,,,,,,,,,,,,,,,,,,,,,,,,,,,,,,,,,,,,,,,,,,,,,They are a process computer uses to calculate problems or operations.,,,,,,,,,,,,,,,,,,,,,,,,,6,They are chosen by the algorithm and then by the manager to ensure the best qualified applicant.,6,6,6,2,2,2,He would like the fact that the algorithm would pick the best candidates to be chosen by the manager,6,He has the experience necessary to make the right choice,1,,,,,,,,,,,,,2,,,,,,,,,,,,,,,,,,,,,,,,,,,,,,,,,,,,,,,,,,,,,,,,,,,,,,,,,,,,,,,,,,,,,,,,,,,,,,,,,,,,,,,,,,,,,,,,,1,31,2,5,1,2,3,,
7/12/17 15:11,7/12/17 15:13,0,216.110.208.83,100,143,1,7/12/17 15:13,R_3e2GEoSU8HjPHkE,,,,,43.21650696,-123.3417053,anonymous,EN,A1ALBJU1XOKYFH,"1,2",3,6,,,,,,,,,,,,,,,,,,,,,,,,,7,This is how its always done,4,4,4,4,4,4,I dont know. Im not chris.,7,No reason not to,1,,,,,,,,,,,,,5,,,,,,,,,,,,,,,,,,,,,,,,,,,,,,,,,,,,,,,,,,,,,,,,,,,,,,,,,,,,,,,,,,,,,,,,,,,,,,,,,,,,,,,,,,,,,,,,,,,,,,,,,,,,,,,,,,,,,,,,,,,,,,,,,,,,,,,,,,,,,,,,,,,,,,,,,,,,,,,,,,,,,,,,,,,,,,,,,,,,,,,,,,,,,,,,,,,3,23,2,4,1,5,3,,
7/12/17 15:12,7/12/17 15:13,0,172.90.55.35,100,107,1,7/12/17 15:13,R_3hokiwMFpIfWjnq,,,,,33.81610107,-117.9794006,anonymous,EN,AADDOP3FHMAV1,"1,2",3,6,,,,,,,,,,,,,,,,,,,,,,,,,,,,,,,,,,,,,,,,,,,,,,,,,,,,,,,,,,,,,,,,,,,,,,,,,,,,,,,,,,,,,,,,,,,,,,,,,,Computer programs that use a variety of factors to determine something.,,,,,,,,,,,,,,,,,,,,,,,,,6,"The algorithm has no biases, so it's pretty fair.",3,5,4,4,3,2,He might feel annoyed that the process is so impersonal,5,The algorithm has no biases and will give the manager the best recommendations.,1,,,,,,,,,,,,,2,,,,,,,,,,,,,,,,,,,,,,,,,,,,,,,,,,,,,,,,,,,,,,,,,,,,,,,,,,,,,,,,,,,,,,,,,,,,,,,,,,,,,,,,,,,,,,,,,3,22,2,5,1,2,3,,
7/12/17 15:12,7/12/17 15:14,0,104.138.212.1,100,144,1,7/12/17 15:14,R_szp35bEmoWt6SS5,,,,,36.18240356,-80.33809662,anonymous,EN,A1T79J0XQXDDGC,"1,2",3,6,,,,,,,,,,,,,,,,,,,,,,,,,,,,,,,,,,,,,6,The manager should be in the best position to know about Chris and the work he does.,4,4,4,4,4,4,I think he would be indifferent until after the results.,4,Managers aren't always good at their jobs. Sometimes they are completely wrong.,1,5,,,,,,,,,,,,,,,,,,,,,,,,,,,,,,,,,,,,,,,,,,,,,,,,,,,,,,,,,,,,,,,,,,,,,,,,,,,,,,,,,,,,,,,,,,,,,,,,,,,,,,,,,,,,,,,,,,,,,,,,,,,,,,,,,,,,,,,,,,,,,,,,,,,,,,,,,,,,,,,,,,,,,,,,,,,,,,,,,,,,,,,,,,,,,,,,,,,3,32,1,2,1,5,4,,
7/12/17 15:11,7/12/17 15:15,0,75.142.213.34,100,221,1,7/12/17 15:15,R_XHWRWzj7zmsuxLr,,,,,34.09049988,-118.1343994,anonymous,EN,A317L37U2W6R4P,"1,2",3,6,,,,,,,,,,,,,,,,,,,,,,,,,,,,,,,,,,,,,,,,,,,,,,,,,1,6,There is nothing that says he was singled out to do the task,2,1,2,4,3,3,"Few people want to do ""grunt work,"" of which this task is a part of",5,I am wary of trusting the system until I truly know the basis of its algorithm,1,,,,,,,,,,,,,,,,,,,,,,,,,,,,,,,,,,,,,Computer code with defined inputs that produce a specific output or does a specific procedure,,,,,,,,,,,,,,,,,,,,,,,,,,,,,,,,,,,,,,,,,,,,,,,,,,,,,,,,,,,,,,,,,,,,,,,,,,,,,,,,,,,,,,,,,,,,,,,,,,,,,,,,,,,,,,,,,,,,,,,,,,,,,,,,,,,,,,,,,,,,,,,,,,2,26,2,5,4,1,1,,
7/12/17 15:11,7/12/17 15:15,0,174.27.5.98,100,232,1,7/12/17 15:15,R_3qDVXEAGA6rNww2,,,,,43.54690552,-116.2913055,anonymous,EN,A3T1GP1D5ECT8A,"1,2",3,6,,,,,,,,,,,,,,,,,,,,,,,,,,,,,,,,,,,,,,,,,,,,,,,,,,,,,,,,,,,,,,,,,,,,,,,,,,,,,,,,,,,,,,,,,,,,,,,,,,Machine learnign programs that are able to determine a answer from large amounts of data,,,,,,,,,,,,,,,,,,,,,,,,,,,,,,,,,,,,,,,,,,,,,,,,,2,,,,,,,,,,,,,,,,,,,,,,,,,5,A machine is much less biased than a person,5,5,5,3,2,3,"He would feel happy  that he didint face a humans bias, and was selected by a a mchine",5,As long as it was programed correct ti should do better work than a human,1,,,,,,,,,,,,,,,,,,,,,,,,,,,,,,,,,,,,,,,,,,,,,,,,,,,,,,,,,,,,,1,21,2,5,1,3,3,,
7/12/17 15:11,7/12/17 15:15,0,50.27.223.198,100,247,1,7/12/17 15:15,R_3EFMfqhIx2uouxk,,,,,39.79449463,-94.80419922,anonymous,EN,A3OY0POKX8NCF5,"1,2",3,6,6,It's his job,3,3,3,3,2,4,He might not feel great about it but its not the end of the world,5,If hes in that position he probably deserves it for the most part,1,,,,,,,,,,,,,,,,,,,,,,,,,,,,,,,,,,,,,5,,,,,,,,,,,,,,,,,,,,,,,,,,,,,,,,,,,,,,,,,,,,,,,,,,,,,,,,,,,,,,,,,,,,,,,,,,,,,,,,,,,,,,,,,,,,,,,,,,,,,,,,,,,,,,,,,,,,,,,,,,,,,,,,,,,,,,,,,,,,,,,,,,,,,,,,,,,,,,,,,,,,,,,,,,,,,,,,,,,,,,,,,,,,,,,,,,,3,22,2,3,1,5,1,,
7/12/17 15:11,7/12/17 15:15,0,74.140.134.81,100,252,1,7/12/17 15:15,R_WeqOUSiI9im5Pu9,,,,,39.10969543,-84.50460052,anonymous,EN,A1MRX2GTR1SBDH,"1,2",3,6,,,,,,,,,,,,,,,,,,,,,,,,,,,,,,,,,,,,,,,,,,,,,,,,,,,,,,,,,,,,,,,,,,,,,,,,,,,,,,,,,,,,,,,,,,,,,,,,,,math problems computers use to fin anomalies ,,,,,,,,,,,,,,,,,,,,,,,,,,,,,,,,,,,,,,,,,,,,,,,,,3,,,,,,,,,,,,,,,,,,,,,,,,,,,,,,,,,,,,,3,"the algorithm isn't an absolute, it could be wrong",4,4,3,5,5,5,I don't believe it a fair practice,2,"its and algorithm not a human, it could be incorrect",1,,,,,,,,,,,,,,,,,,,,,,,,,,,,,,,,,,,,,,,,,,,,,,,,,1,38,2,3,1,3,4,,
7/12/17 15:12,7/12/17 15:15,0,173.244.44.87,100,204,1,7/12/17 15:15,R_1oF5rbRqAPDBLdX,,,,,47.60620117,-122.3320999,anonymous,EN,A1Y689M29Q274B,"1,2",3,6,7,"I feel like it's fair for the manager to assing Chris that task, considering that is Chris' job.",5,5,5,1,1,3,I feel like Chris would be happy about being given a job.,7,"I trust that the manager, the person in charge, knows what is best for the company and assigns tasks fairly.",1,,,,,,,,,,,,,,,,,,,,,,,,,,,,,,,,,,,,,5,,,,,,,,,,,,,,,,,,,,,,,,,,,,,,,,,,,,,,,,,,,,,,,,,,,,,,,,,,,,,,,,,,,,,,,,,,,,,,,,,,,,,,,,,,,,,,,,,,,,,,,,,,,,,,,,,,,,,,,,,,,,,,,,,,,,,,,,,,,,,,,,,,,,,,,,,,,,,,,,,,,,,,,,,,,,,,,,,,,,,,,,,,,,,,,,,,,1,22,1,1,1,5,1,,
7/12/17 15:11,7/12/17 15:16,0,76.182.82.120,100,293,1,7/12/17 15:16,R_3kBof4FInIma93W,,,,,35.74630737,-78.72389984,anonymous,EN,A15NQWIE2YQR2K,"1,2",3,6,,,,,,,,,,,,,,,,,,,,,,,,,,,,,,,,,,,,,,,,,,,,,,,,,,,,,,,,,,,,,,,,,,,,,,,,,,,,,,,,,,,,,,,,,,,,,,,,,,Man-made computer functions that analyze historical data to make recommendations.,,,,,,,,,,,,,,,,,,,,,,,,,,,,,,,,,,,,,,,,,,,,,,,,,2,,,,,,,,,,,,,,,,,,,,,,,,,,,,,,,,,,,,,,,,,,,,,,,,,7,Seems like the algorithm did a thorough analysis.,5,4,5,2,2,2,I think he would be agreeable to the task.,6,A lot of effort went into the analyses.,1,,,,,,,,,,,,,,,,,,,,,,,,,,,,,,,,,,,,,1,27,1,6,1,4,1,,
7/12/17 15:11,7/12/17 15:16,0,47.33.164.193,100,305,1,7/12/17 15:16,R_3h9jlOusULvreDz,,,,,46.12469482,-123.6764984,anonymous,EN,A10P4QR80NTZFQ,"1,2",3,6,,,,,,,,,,,,,,,,,,,,,,,,,,,,,,,,,,,,,,,,,,,,,,,,,,,,,,,,,,,,,,,,,,,,,,,,,,,,,,,,,,,,,,,,,,,,,,,,,,A set of rules for decision making.,,,,,,,,,,,,,,,,,,,,,,,,,,,,,,,,,,,,,,,,,,,,,,,,,3,4,"It's not like the algorithm is sending Chris to his death, it's a job and duties that are related to the job. A sense of fairness doesn't seem to apply at all.",4,4,4,4,4,4,"Chris probably doesn't care, he's just at work.",5,"If it's based on based evidence and decided by a computer, it's probably pretty good at what it does.",1,,,,,,,,,,,,,,,,,,,,,,,,,,,,,,,,,,,,,,,,,,,,,,,,,,,,,,,,,,,,,,,,,,,,,,,,,,,,,,,,,,,,,2,33,1,5,1,3,1,,
7/12/17 15:11,7/12/17 15:16,0,73.174.26.181,100,316,1,7/12/17 15:16,R_2S0t2XGidD0dLFg,,,,,41.46710205,-79.66729736,anonymous,EN,AJ3F5RR0P8LZR,"1,2",3,6,,,,,,,,,,,,,,,,,,,,,,,,,,,,,,,,,,,,,,,,,,,,,,,,,,,,,,,,,,,,,,,,,,,,,,,,,,,,,,,,,,,,,,,,,,,,,,,,,,It's a process used to solve a problem. Often times used in a piece of software.,,,,,,,,,,,,,6,"It's relatively fair to schedule a person based on their ability, but what if chris isn't a morning person?",4,4,4,4,4,4,"Personally, I wouldn't care one way or another whether an algorithm made my schedule, so I assume he'd be the same.",4,It's probably a good decision? I don't know.,1,,,,,,,,,,,,,,,,,,,,,,,,,2,,,,,,,,,,,,,,,,,,,,,,,,,,,,,,,,,,,,,,,,,,,,,,,,,,,,,,,,,,,,,,,,,,,,,,,,,,,,,,,,,,,,,,,,,,,,,,,,,3,24,1,5,1,2,2,,
7/12/17 15:11,7/12/17 15:16,0,108.201.209.82,100,321,1,7/12/17 15:16,R_1KfJqR058cDLyDj,,,,,33.86390686,-84.1242981,anonymous,EN,A3MOW76A8O3T3O,"1,2",3,6,,,,,,,,,,,,,,,,,,,,,,,,,,,,,,,,,,,,,,,,,,,,,,,,,,,,,,,,,,,,,,,,,,,,,,,,,,,,,,,,,,,,,,,,,,,,,,,,,,An algorithm would be set to follow a set of rules in a sequence as instructed by a programmer. ,,,,,,,,,,,,,,,,,,,,,,,,,,,,,,,,,,,,,,,,,,,,,,,,,2,,,,,,,,,,,,,6,"Since a computer is working on the schedule, human bias is not involved.",5,5,5,3,3,3,I feel that he would be neutral to a computer working on his schedule. ,5,"Again, since a computer is working on the schedule, I would trust it to work.",1,,,,,,,,,,,,,,,,,,,,,,,,,,,,,,,,,,,,,,,,,,,,,,,,,,,,,,,,,,,,,,,,,,,,,,,,,2,19,2,3,4,3,2,,
7/12/17 15:11,7/12/17 15:16,0,96.60.201.31,100,326,1,7/12/17 15:16,R_2s02H1CpZ7vTZWV,,,,,37.81159973,-113.2240982,anonymous,EN,A10O5YR01H865K,"1,2",3,6,,,,,,,,,,,,,,,,,,,,,,,,,,,,,,,,,,,,,,,,,,,,,,,,,1,,,,,,,,,,,,,,,,,,,,,,,,,,,,,,,,,,,,,5,It should give a general idea of how someone is doing in there customer service job.,6,5,6,2,2,2,I feel that he would be ok with it but be a little annoyed with it at times.,5,I trust it some but humans still need to look over it for outliers on poor performance and customer feedback,1,A set of rules that a computer follows to come up with a solution,,,,,,,,,,,,,,,,,,,,,,,,,,,,,,,,,,,,,,,,,,,,,,,,,,,,,,,,,,,,,,,,,,,,,,,,,,,,,,,,,,,,,,,,,,,,,,,,,,,,,,,,,,,,,,,,,,,,,,,,,,,,,,,,,,,,,,,,,,,,,,,,,,2,26,2,2,1,1,4,,
7/12/17 15:11,7/12/17 15:16,0,71.230.107.116,100,317,1,7/12/17 15:16,R_1LMXV2vIvBUx3PM,,,,,39.94070435,-75.22810364,anonymous,EN,A214PAPP1HH6KS,"1,2",3,6,,,,,,,,,,,,,,,,,,,,,,,,,,,,,,,,,,,,,,,,,,,,,,,,,,,,,,,,,,,,,,,,,,,,,,,,,,,,,,,,,,,,,,,,,,,,,,,,,,I assume it calculates customers and sales per hour to figure out when shifts need extra people on staff.,,,,,,,,,,,,,,,,,,,,,,,,,,,,,,,,,,,,,,,,,,,,,,,,,3,,,,,,,,,,,,,,,,,,,,,,,,,,,,,,,,,,,,,,,,,,,,,,,,,,,,,,,,,,,,,7,"Chris is scheduled to work at probably a busy time, a time when they need him. That makes sense and is fair unless he was told he would work a different shift and they changed it on him.",5,4,3,3,2,3,Chris most likely wants to work and make money when the business needs him. Sounds fine but nothing to throw a hoyful party about.,5,"It could work, I would need to know more before I said I fully trusted it or not.",1,,,,,,,,,,,,,,,,,,,,,,,,,1,35,2,3,1,4,2,,
7/12/17 15:14,7/12/17 15:16,0,74.101.99.25,100,148,1,7/12/17 15:17,R_25S1En4kx2uECCd,,,,,40.58329773,-73.9240036,anonymous,EN,A2DOIZHRZR5HHU,"1,2",3,6,,,,,,,,,,,,,5,The manager should be responsible for the shift times of its employees.,4,2,2,3,3,5,"Chris may be frustrated, but I believe that he knew what he was signing up for when applying for the job. ",5,The manager would not be the manager if he does not make good quality decisions.,1,,,,,,,,,,,,,,,,,,,,,,,,,5,,,,,,,,,,,,,,,,,,,,,,,,,,,,,,,,,,,,,,,,,,,,,,,,,,,,,,,,,,,,,,,,,,,,,,,,,,,,,,,,,,,,,,,,,,,,,,,,,,,,,,,,,,,,,,,,,,,,,,,,,,,,,,,,,,,,,,,,,,,,,,,,,,,,,,,,,,,,,,,,,,,,,,,,,,,,,,,,,,,,,,,,,,,,,,,,,,,2,19,2,3,4,5,2,,
7/12/17 15:11,7/12/17 15:17,0,24.252.24.96,100,340,1,7/12/17 15:17,R_3LbX1Eb8qgtCWQ2,,,,,41.29930115,-96.16660309,anonymous,EN,A2VT4THSDRAW7I,"1,2",3,6,,,,,,,,,,,,,,,,,,,,,,,,,,,,,,,,,,,,,,,,,,,,,,,,,,,,,,,,,,,,,,,,,,,,,,,,,,,,,,,,,,,,,,,,,,,,,,,,,,A collection of data that spits out numbers and percentages to determine a solution to a cause or an estimation of what the user is looking for. ,5,I think it is fair that someone in that sections works on it but I believe chris would need the proper training before he can make such a judgement call.,3,4,4,4,3,5,I think Chris would feel a little annoyed unless he benifited form it in someway. ,4,I think the anaylisis is great for determinning what needs checking but it would also be best for the manager to be a little more hands on when picking someone to check it and see what else can be done to avoid the problem.,1,,,,,,,,,,,,,,,,,,,,,,,,,,,,,,,,,,,,,2,,,,,,,,,,,,,,,,,,,,,,,,,,,,,,,,,,,,,,,,,,,,,,,,,,,,,,,,,,,,,,,,,,,,,,,,,,,,,,,,,,,,,,,,,,,,,,,,,2,22,2,3,1,2,1,,
7/12/17 15:11,7/12/17 15:17,0,68.109.126.36,100,348,1,7/12/17 15:17,R_vlFsPd7toLujpkJ,,,,,41.54220581,-72.81950378,anonymous,EN,A2PBRGT71DUYOY,"1,2",3,6,,,,,,,,,,,,,,,,,,,,,,,,,,,,,,,,,,,,,,,,,,,,,,,,,1,4,"I don't think it's a matter of fair or not, just something that needs to be done and Chris has to do it.",4,4,4,4,4,4,I don't know Chris so I don't know how he'd feel.,3,"I've never seen it, but algorithms are made to produce some kind of validity. ",1,,,,,,,,,,,,,,,,,,,,,,,,,,,,,,,,,,,,,rules set in place for problem solving for or by a computer.,,,,,,,,,,,,,,,,,,,,,,,,,,,,,,,,,,,,,,,,,,,,,,,,,,,,,,,,,,,,,,,,,,,,,,,,,,,,,,,,,,,,,,,,,,,,,,,,,,,,,,,,,,,,,,,,,,,,,,,,,,,,,,,,,,,,,,,,,,,,,,,,,,1,24,1,3,1,1,1,,
7/12/17 15:11,7/12/17 15:18,0,23.226.128.37,100,394,1,7/12/17 15:18,R_3JJVR4k6N0oVmUR,,,,,40.78010559,-74.06330109,anonymous,EN,A3QUGJF2AN8TF2,"1,2",3,6,,,,,,,,,,,,,,,,,,,,,,,,,,,,,,,,,,,,,,,,,,,,,,,,,,,,,,,,,,,,,,,,,,,,,,,,,,,,,,,,,,,,,,,,,,,,,,,,,,Algorithms are a set of rules that a computer uses in a problem-solving process.,,,,,,,,,,,,,,,,,,,,,,,,,,,,,,,,,,,,,,,,,,,,,,,,,3,,,,,,,,,,,,,5,I think it is somewhat fair because it chooses the most acceptable times for the employee to work. it also matches to the amount of customers that the individual can attend to.,6,5,5,2,2,2,I think Chris would be happy because he would be working during his ideal times. He would also not be overworked because he would be assigned to work where he can handle a specific number of customers.,6,I trust the system because it can analyze much more data than a human can and faster. It would likely give an appropriate response when it involves scheduling.,1,,,,,,,,,,,,,,,,,,,,,,,,,,,,,,,,,,,,,,,,,,,,,,,,,,,,,,,,,,,,,,,,,,,,,,,,,2,33,2,5,1,3,2,,
7/12/17 15:11,7/12/17 15:18,0,70.122.201.27,100,411,1,7/12/17 15:18,R_2aJ5cC5kRAw3zy9,,,,,32.95880127,-96.98120117,anonymous,EN,A2MFMT03E21ZIT,"1,2",3,6,,,,,,,,,,,,,,,,,,,,,,,,,7,"The manager would naturally want the best applicants to fill the position, and if Chris is one of the best applicants, he'll surely get in.",6,7,6,1,1,2,He would see it as fitting for the company to give the best applicant the opportunity.,5,"I doubt the manager is perfect, but you are most likely good at your job to get that position in the first place.",1,,,,,,,,,,,,,5,,,,,,,,,,,,,,,,,,,,,,,,,,,,,,,,,,,,,,,,,,,,,,,,,,,,,,,,,,,,,,,,,,,,,,,,,,,,,,,,,,,,,,,,,,,,,,,,,,,,,,,,,,,,,,,,,,,,,,,,,,,,,,,,,,,,,,,,,,,,,,,,,,,,,,,,,,,,,,,,,,,,,,,,,,,,,,,,,,,,,,,,,,,,,,,,,,,1,26,1,3,2,5,3,,
7/12/17 15:11,7/12/17 15:18,0,96.30.236.254,100,417,1,7/12/17 15:18,R_2q4xRDzyPBQrAJM,,,,,31.54519653,-109.4676971,anonymous,EN,A3QEVFM3UD67BA,"1,2",3,6,,,,,,,,,,,,,,,,,,,,,,,,,,,,,,,,,,,,,,,,,,,,,,,,,1,,,,,,,,,,,,,,,,,,,,,,,,,3,a human would be better for the intricacies of different people and the content of resumes,4,3,4,5,2,5,i would put myself in Chris' shoes and feel this way if a computer was t decide if i get an interview for a posiotion,2,there is an aspect of human emotion that would have to be there to select someone when reading their resume,1,,,,,,,,,,,,,rules that a computer uses to make determinations,,,,,,,,,,,,,,,,,,,,,,,,,,,,,,,,,,,,,,,,,,,,,,,,,,,,,,,,,,,,,,,,,,,,,,,,,,,,,,,,,,,,,,,,,,,,,,,,,,,,,,,,,,,,,,,,,,,,,,,,,,,,,,,,,,,,,,,,,,,,,,,,,,1,40,1,4,3,1,3,,
7/12/17 15:11,7/12/17 15:18,0,72.253.191.170,100,462,1,7/12/17 15:18,R_C3oyME2Ao5iwMcF,,,,,21.32090759,-157.8388977,anonymous,EN,A1MJUTSJS31179,"1,2",3,6,,,,,,,,,,,,,,,,,,,,,,,,,,,,,,,,,,,,,,,,,,,,,,,,,,,,,,,,,,,,,,,,,,,,,,,,,,,,,,,,,,,,,,,,,,,,,,,,,,Algorithms are computer programs designed to make decisions based upon various inputs.,,,,,,,,,,,,,,,,,,,,,,,,,,,,,,,,,,,,,,,,,,,,,,,,,4,,,,,,,,,,,,,,,,,,,,,,,,,,,,,,,,,,,,,,,,,,,,,,,,,,,,,,,,,,,,,,,,,,,,,,,,,5,"I don't think there's any appearance of unfairness in the above situation since an algorithm makes the final decision.  Although I acknowledge that the algorithm was programmed by a human, usage of of a machine to make decisions gives the situation more fairness.  It's not completely fair because of the algorithm's programming, and the potential for human bias in the manager's review of the personal statements.",3,3,3,5,5,6,"I could see how Chris might feel frustrated, angry, and disappointed that a computer does the screening of final candidates.  Having machines make decisions like hiring might give rise to frustration as one might try and figure out why they were screened out (but it's impossible to do so).  I don't think Chris would likely be slightly unhappy that a computer is making a decision.",4,"I think selection of job candidates should involve human feelings, which I don't get the sense that an algorithm can have.",1,,,,,,,,,,,,,2,32,2,6,4,4,3,,
7/12/17 15:12,7/12/17 15:19,0,71.238.54.54,100,403,1,7/12/17 15:19,R_3LX6gzaLJkSq7aF,,,,,45.01480103,-123.0155945,anonymous,EN,A3NPYIGN1MP121,"1,2",3,6,,,,,,,,,,,,,,,,,,,,,,,,,,,,,,,,,,,,,,,,,,,,,,,,,,,,,,,,,,,,,,,,,,,,,,,,,,,,,,,,,,,,,,,,,,,,,,,,,,A set of rules for a process or calculation performed by a computer.,,,,,,,,,,,,,,,,,,,,,,,,,,,,,,,,,,,,,,,,,,,,,,,,,4,,,,,,,,,,,,,,,,,,,,,,,,,,,,,,,,,,,,,,,,,,,,,,,,,,,,,,,,,,,,,,,,,,,,,,,,,6,The algorithm is probably designed with the company's interests in mind.,4,4,4,4,4,4,"I would imagine that Chris would be happy to be selected as a top applicant, regardless of the algorithm's involvement.",6,"Again, the algorithm was probably designed with the company's interests in mind.",1,,,,,,,,,,,,,3,28,2,3,1,4,3,,
7/12/17 15:14,7/12/17 15:19,0,162.229.1.142,100,275,1,7/12/17 15:19,R_3NUowcb8Jiyq5vv,,,,,26.27589417,-98.23300171,anonymous,EN,AHPQVIEIBZOAS,"1,2",3,6,,,,,,,,,,,,,,,,,,,,,,,,,,,,,,,,,,,,,,,,,,,,,,,,,,,,,,,,,,,,,,,,,,,,,,,,,,,,,,,,,,,,,,,,,,,,,,,,,,a calculation by a computer.,6,It's fair because that is his job,6,6,5,2,1,4,He probably feels good or else he wouldn't be working there.,5,I think that the analysis is most likely accurate most of the time so that would make the manager's tasks worthwhile.,1,,,,,,,,,,,,,,,,,,,,,,,,,,,,,,,,,,,,,2,,,,,,,,,,,,,,,,,,,,,,,,,,,,,,,,,,,,,,,,,,,,,,,,,,,,,,,,,,,,,,,,,,,,,,,,,,,,,,,,,,,,,,,,,,,,,,,,,1,23,1,2,3,2,1,,
7/12/17 15:11,7/12/17 15:20,0,174.102.64.227,100,533,1,7/12/17 15:20,R_2TC1MPIkeh7eovd,,,,,41.39889526,-83.65390015,anonymous,EN,A19IWME4DCIU1H,"1,2",3,6,,,,,,,,,,,,,,,,,,,,,,,,,,,,,,,,,,,,,,,,,,,,,,,,,,,,,,,,,,,,,,,,,,,,,,,,,,,,,,,,,,,,,,,,,,,,,,,,,,"They are fine tuned processes that follow a formula in order to derive results in a reliable, acceptable way.",,,,,,,,,,,,,,,,,,,,,,,,,,,,,,,,,,,,,,,,,,,,,,,,,4,,,,,,,,,,,,,,,,,,,,,,,,,,,,,,,,,,,,,,,,,,,,,,,,,,,,,,,,,,,,,,,,,,,,,,,,,,,,,,,,,,,,,5,"I think it's somewhat fair because he gets evaluations from both the manager and the algorithm. I don't know if I would trust the algorithm's evaluations ALONE, however, without a cross-reference.",1,2,4,6,5,6,"I feel like people are more likely to feel unrest and frustration when they think their performance is being evaluated, even in part, by a ""machine""--in this case, an algorithm.",5,"Similar to fairness, I believe that as long as we have conjunction with a human manager, we can trust the process a fair amount.",1,3,26,1,3,1,4,4,,
7/12/17 15:13,7/12/17 15:20,0,181.174.53.191,100,427,1,7/12/17 15:20,R_0AhM0xcph8CBWmt,,,,,4.598098755,-74.07579803,anonymous,EN,A3JM2BJIOZAGM7,"1,2",3,6,,,,,,,,,,,,,,,,,,,,,,,,,,,,,,,,,,,,,,,,,,,,,,,,,,,,,,,,,,,,,,,,,,,,,,,,,,,,,,,,,,,,,,,,,,,,,,,,,,"something that a computer uses to solve a problem, written in numbers.",,,,,,,,,,,,,,,,,,,,,,,,,,,,,,,,,,,,,,,,,,,,,,,,,2,,,,,,,,,,,,,,,,,,,,,,,,,,,,,,,,,,,,,,,,,,,,,,,,,4,"I think it is the normal process and it is not fair or unfair, it is just the result of the analysis.",4,4,4,4,4,4,"He would have no reason to feel any way because it is just a regular process, why would he feel proud? he is just doing the job according to the algorithm and the manager's analysis",6,Those algorithms are usually well written,1,,,,,,,,,,,,,,,,,,,,,,,,,,,,,,,,,,,,,1,22,1,5,1,4,1,,
7/12/17 15:12,7/12/17 15:21,0,108.247.115.21,100,532,1,7/12/17 15:21,R_QnRFFErM9ralCEN,,,,,33.73579407,-118.2922974,anonymous,EN,AUOLR6JOD7STS,"1,2",3,6,,,,,,,,,,,,,,,,,,,,,,,,,,,,,,,,,,,,,,,,,,,,,,,,,1,,,,,,,,,,,,,6,"The alogrithm does not go by emotion and it is not bias, but it acts out of a calculaltion and instructions that are given to it. So, it is very fair because it is looking for the best solution to the problem.",5,5,3,2,1,2,I think that Chris would know that it is fair and that he is the best fit for that time of day.,6,The algorithm makes the best decisions because it runs through all posibilites before deciding on an outcome or solution.,1,,,,,,,,,,,,,,,,,,,,,,,,,A series of instructions or steps that are given to a computer to carry out a solution to a problem.,,,,,,,,,,,,,,,,,,,,,,,,,,,,,,,,,,,,,,,,,,,,,,,,,,,,,,,,,,,,,,,,,,,,,,,,,,,,,,,,,,,,,,,,,,,,,,,,,,,,,,,,,,,,,,,,,,,,,,,,,,,,,,,,,,,,,,,,,,,,,,,,,,3,49,2,2,3,1,2,,
7/12/17 15:11,7/12/17 15:21,0,68.37.135.145,100,610,1,7/12/17 15:21,R_1C6Ym9QqIE8Es36,,,,,43.17460632,-86.18340302,anonymous,EN,A3CYHZ9BKS79E5,"1,2",3,6,,,,,,,,,,,,,,,,,,,,,,,,,,,,,,,,,,,,,,,,,,,,,,,,,,,,,,,,,,,,,,,,,,,,,,,,,,,,,,,,,,,,,,,,,,,,,,,,,,Algorithms are calculations based on certain information put into the equation. ,,,,,,,,,,,,,7,If it is simply an algorithm and Chris has submitted that he is available in the mornings this is completely fair.,7,6,7,2,1,1,Again if his availability is input into the algorithm and selected he is available for the morning shift this schedule should make him very happy as it does not conflict with other times he selected he is unavailable for.,7,It states it takes into account the employee's availability. ,1,,,,,,,,,,,,,,,,,,,,,,,,,2,,,,,,,,,,,,,,,,,,,,,,,,,,,,,,,,,,,,,,,,,,,,,,,,,,,,,,,,,,,,,,,,,,,,,,,,,,,,,,,,,,,,,,,,,,,,,,,,,2,30,1,3,1,2,2,,
7/12/17 15:17,7/12/17 15:22,0,96.61.153.153,100,279,1,7/12/17 15:22,R_cBbkneSPKL8rIEF,,,,,36.17179871,-86.49040222,anonymous,EN,ASI2B6A3Y556Z,"1,2",3,6,,,,,,,,,,,,,,,,,,,,,,,,,,,,,,,,,,,,,,,,,,,,,,,,,1,,,,,,,,,,,,,,,,,,,,,,,,,,,,,,,,,,,,,2,I think a human is required to evaluate how customer service conversations are handled.,2,2,2,5,5,6,I think Chris will feel that the algothrim might not accurately evaluate his performance,2,I think the skills need are to subjective for an algorithm  to evaluate.,1,algorithms are a series of calculations usually performed by a computer.,,,,,,,,,,,,,,,,,,,,,,,,,,,,,,,,,,,,,,,,,,,,,,,,,,,,,,,,,,,,,,,,,,,,,,,,,,,,,,,,,,,,,,,,,,,,,,,,,,,,,,,,,,,,,,,,,,,,,,,,,,,,,,,,,,,,,,,,,,,,,,,,,,1,37,1,5,1,1,4,,
7/12/17 15:19,7/12/17 15:22,0,76.168.158.143,100,201,1,7/12/17 15:22,R_2cqlutQSMn8Ktr0,,,,,34.07620239,-118.3103943,anonymous,EN,A2LRYEBPK0K8K2,"1,2",3,6,,,,,,,,,,,,,,,,,,,,,,,,,,,,,,,,,,,,,,,,,,,,,,,,,,,,,,,,,,,,,,,,,,,,,,,,,,,,,,,,,,,,,,,,,,,,,,,,,,Algorithms are codes and programs made to assess large streams of data.,,,,,,,,,,,,,,,,,,,,,,,,,,,,,,,,,,,,,,,,,,,,,,,,,3,,,,,,,,,,,,,,,,,,,,,,,,,,,,,,,,,,,,,3,I think that algorithms are still based on the biases of the manager so subbjectivity is still in play.,4,4,4,1,1,1,I think that being evaluated is a part of the job and emotions do not present themselves in heavy doses.,4,It is still subjected to the biases of the manager and thus is still subjective.,1,,,,,,,,,,,,,,,,,,,,,,,,,,,,,,,,,,,,,,,,,,,,,,,,,2,21,2,3,4,3,4,,
7/12/17 15:11,7/12/17 15:22,0,68.49.17.81,100,664,1,7/12/17 15:22,R_2zdsVRj9abxqY7f,,,,,42.59880066,-83.01039886,anonymous,EN,AMCBA6BNEVO01,"1,2",3,6,,,,,,,,,,,,,,,,,,,,,,,,,,,,,,,,,,,,,,,,,,,,,,,,,1,,,,,,,,,,,,,,,,,,,,,,,,,5,The computer makes judgements based on his resume so it seems like it's a relatively fair method.,4,4,4,3,4,3,It's hard to know how Chris would feel without knowing if he got accepted or not.,4,"Since the algorithm is based on predetermined factors, it should be somewhat accurate.  But it's not clear how much it was tested.",1,,,,,,,,,,,,,A set of procedures to be followed to reach a desired result.,,,,,,,,,,,,,,,,,,,,,,,,,,,,,,,,,,,,,,,,,,,,,,,,,,,,,,,,,,,,,,,,,,,,,,,,,,,,,,,,,,,,,,,,,,,,,,,,,,,,,,,,,,,,,,,,,,,,,,,,,,,,,,,,,,,,,,,,,,,,,,,,,,3,31,2,3,1,1,3,,
7/12/17 15:12,7/12/17 15:23,0,24.253.98.225,100,637,1,7/12/17 15:23,R_3oF70pE7jwjwhKc,,,,,36.2348938,-115.2904968,anonymous,EN,A3AZJGI9D7C0PD,"1,2",3,6,,,,,,,,,,,,,,,,,,,,,,,,,,,,,,,,,,,,,,,,,,,,,,,,,,,,,,,,,,,,,,,,,,,,,,,,,,,,,,,,,,,,,,,,,,,,,,,,,,"computer programs that evaluate test scores, emotional responses and various testing results.",,,,,,,,,,,,,,,,,,,,,,,,,,,,,,,,,,,,,3,Because machines can make a mistake and I do not trust a computer judgement over humans.,1,1,1,7,7,7,"Chris feels like his trust, his privacy and professional intergrity was violated.",2,Managers should evalute employees and not computers!,1,2,,,,,,,,,,,,,,,,,,,,,,,,,,,,,,,,,,,,,,,,,,,,,,,,,,,,,,,,,,,,,,,,,,,,,,,,,,,,,,,,,,,,,,,,,,,,,,,,,1,37,1,5,1,2,4,,
7/12/17 15:20,7/12/17 15:24,0,98.146.231.128,100,239,1,7/12/17 15:24,R_2qrwlH087aAG53y,,,,,46.7171936,-116.9179001,anonymous,EN,A29A4MRA7I3ZMJ,"1,2",3,6,,,,,,,,,,,,,,,,,,,,,,,,,,,,,,,,,,,,,6,It's only natural that your boss would keep an eye on your performance.,1,1,1,4,4,5,"Having your performance evaluated is always a stressful experience, and knowing that if any of the customers put in a bad word you could lose your job could be frustrating",2,Many managers are petty and biased with their employees,1,5,,,,,,,,,,,,,,,,,,,,,,,,,,,,,,,,,,,,,,,,,,,,,,,,,,,,,,,,,,,,,,,,,,,,,,,,,,,,,,,,,,,,,,,,,,,,,,,,,,,,,,,,,,,,,,,,,,,,,,,,,,,,,,,,,,,,,,,,,,,,,,,,,,,,,,,,,,,,,,,,,,,,,,,,,,,,,,,,,,,,,,,,,,,,,,,,,,,2,20,2,2,1,5,4,,
7/12/17 15:12,7/12/17 15:24,0,99.70.252.100,100,741,1,7/12/17 15:24,R_3HYbUZPmwpOt1Lb,,,,,32.52270508,-96.80480194,anonymous,EN,A1NLJ1L4VCQYV2,"1,2",3,6,,,,,,,,,,,,,,,,,,,,,,,,,,,,,,,,,,,,,,,,,,,,,,,,,,,,,,,,,,,,,,,,,,,,,,,,,,,,,,,,,,,,,,,,,,,,,,,,,,An algorithm is an automated process that performs functions,,,,,,,,,,,,,,,,,,,,,,,,,,,,,,,,,,,,,,,,,,,,,,,,,3,6,The algorithm is just performing what it is programmed to do. It has no feelings or emotions and has no stake in what is fair or unfair to Chris.,4,4,4,4,4,4,"It is impossible to know what Chris's feeling are in regards to the assignment that the algorithm gave him. If Chris has any feelings about his assignment, he should take it up with the manager who programmed the algorithm.",4,The algorithm is only as good as the manager that programs/adjusts it.,1,,,,,,,,,,,,,,,,,,,,,,,,,,,,,,,,,,,,,,,,,,,,,,,,,,,,,,,,,,,,,,,,,,,,,,,,,,,,,,,,,,,,,1,35,2,2,2,3,1,,
7/12/17 15:18,7/12/17 15:26,0,65.33.220.247,100,465,1,7/12/17 15:26,R_eqB0Y8Qz6swe6tz,,,,,27.97309875,-81.67359924,anonymous,EN,A2CR39CKYWHNE1,"1,2",3,6,,,,,,,,,,,,,,,,,,,,,,,,,,,,,,,,,,,,,,,,,,,,,,,,,,,,,,,,,,,,,,,,,,,,,,,,,,,,,,,,,,,,,,,,,,,,,,,,,,"a computer formula to speed up evaluations of different kinds,",,,,,,,,,,,,,,,,,,,,,,,,,,,,,,,,,,,,,,,,,,,,,,,,,3,,,,,,,,,,,,,,,,,,,,,,,,,,,,,,,,,,,,,5,The manager can adjust the results if the algorithm messes up,4,2,2,1,2,2,I think its fair and believe Chris will think the same way,5,In my experience it works fine,1,,,,,,,,,,,,,,,,,,,,,,,,,,,,,,,,,,,,,,,,,,,,,,,,,1,48,1,4,1,3,4,,
7/12/17 15:23,7/12/17 15:26,0,73.75.247.123,100,185,1,7/12/17 15:26,R_VWpvqcsm1V7ZD0d,,,,,41.5894928,-88.05780029,anonymous,EN,AOIR8V07FYMH5,"1,2",3,6,,,,,,,,,,,,,,,,,,,,,,,,,,,,,,,,,,,,,,,,,,,,,,,,,1,,,,,,,,,,,,,,,,,,,,,,,,,5,it doesn't judge on anything except qualifications.,7,7,7,1,1,1,it means it would have worked correctly so he would be happy.,7,It is data. It will read what the data shows.,1,,,,,,,,,,,,,math problems that a computer solves based on a certain set of parameters.,,,,,,,,,,,,,,,,,,,,,,,,,,,,,,,,,,,,,,,,,,,,,,,,,,,,,,,,,,,,,,,,,,,,,,,,,,,,,,,,,,,,,,,,,,,,,,,,,,,,,,,,,,,,,,,,,,,,,,,,,,,,,,,,,,,,,,,,,,,,,,,,,,3,30,2,2,1,1,3,,
7/12/17 15:31,7/12/17 15:35,0,38.105.228.7,100,246,1,7/12/17 15:35,R_ByVxLem10wdKSvn,,,,,40.71459961,-74.01499939,anonymous,EN,A1835XBNR2UB4X,"1,2",3,6,,,,,,,,,,,,,,,,,,,,,,,,,,,,,,,,,,,,,,,,,,,,,,,,,,,,,,,,,,,,,,,,,,,,,,,,,,,,,,,,,,,,,,,,,,,,,,,,,,It's a set of procedure to resolve something.,,,,,,,,,,,,,,,,,,,,,,,,,,,,,,,,,,,,,,,,,,,,,,,,,2,,,,,,,,,,,,,,,,,,,,,,,,,,,,,,,,,,,,,,,,,,,,,,,,,6,I think it's fair because I think it will be fairly accurate with both source of information.,6,5,4,3,6,2,"I think he'll trust what the manager says, he'll be perfectly fine.",6,"The computer algorithm probably uses existing data to determine the outcome, that and the manager's input I think will be useful.",1,,,,,,,,,,,,,,,,,,,,,,,,,,,,,,,,,,,,,4,30,2,5,4,4,1,,
7/12/17 15:31,7/12/17 15:39,0,137.118.203.216,100,450,1,7/12/17 15:39,R_33rSf7uBv1BJoVp,,,,,45.7046051,-123.8618011,anonymous,EN,A14ADQ7RUN6TDY,"1,2",3,6,,,,,,,,,,,,,,,,,,,,,,,,,,,,,,,,,,,,,,,,,,,,,,,,,,,,,,,,,,,,,,,,,,,,,,,,,,,,,,,,,,,,,,,,,,,,,,,,,,"algorithms are a set of instructions for a computer specific to solving certain problems. They are a sort of ""road map"" that guides the computing process in making decisions and implementing operations. ",,,,,,,,,,,,,,,,,,,,,,,,,,,,,,,,,,,,,,,,,,,,,,,,,3,,,,,,,,,,,,,4,"I see no reason to consider fairness as a qualifier in this scenario...he wants to work, the computer sets his schedule, he either works or quits. The same scenario happens with human decisions on scheduling. ",5,4,4,2,2,2,"He got some hours to work, no reason to feel any great emotions other than gratitude perhaps. ",4,"Computers make errors, but so do humans. Once again, I don't see any major problems. ",1,,,,,,,,,,,,,,,,,,,,,,,,,,,,,,,,,,,,,,,,,,,,,,,,,,,,,,,,,,,,,,,,,,,,,,,,,3,68,2,3,1,3,2,,
7/12/17 15:37,7/12/17 15:44,0,173.152.228.129,100,381,1,7/12/17 15:44,R_3Gj3CRjbIuRxvlg,,,,,40.01919556,-75.09400177,anonymous,EN,A1S8DYWNS59XWB,"1,2",3,6,,,,,,,,,,,,,,,,,,,,,,,,,,,,,,,,,,,,,,,,,,,,,,,,,,,,,,,,,,,,,,,,,,,,,,,,,,,,,,,,,,,,,,,,,,,,,,,,,,They are systems that can automatically figure out a variable given enough information at the start.,,,,,,,,,,,,,,,,,,,,,,,,,4,"I don't know what Chris's qualifications are, so whether or not it is fair depends on his strengths.",3,3,3,5,5,6,Chris will be frustrated that he spend time crafting a resume and cover letter just for a system that could auto screen him out.,5,"The system will screen out those with too few qualifications (education, experience). From that point, the people the manager feels they best get along with can be chosen. The system takes care of the biggest step.",1,,,,,,,,,,,,,2,,,,,,,,,,,,,,,,,,,,,,,,,,,,,,,,,,,,,,,,,,,,,,,,,,,,,,,,,,,,,,,,,,,,,,,,,,,,,,,,,,,,,,,,,,,,,,,,,3,32,2,6,3,2,3,,
7/12/17 15:39,7/12/17 15:48,0,184.189.249.224,100,560,1,7/12/17 15:48,R_1lbYR9U5R9HJTSk,,,,,34.41940308,-119.7071991,anonymous,EN,A1E71BVMGWCN8L,"1,2",3,6,,,,,,,,,,,,,,,,,,,,,,,,,,,,,,,,,,,,,,,,,,,,,,,,,,,,,,,,,,,,,,,,,,,,,,,,,,,,,,,,,,,,,,,,,,,,,,,,,,"Algorithms receive data and information and break it down with calculations to find a pattern or a solution to a problem (in this case, when to schedule workers).",,,,,,,,,,,,,,,,,,,,,,,,,,,,,,,,,,,,,,,,,,,,,,,,,4,,,,,,,,,,,,,,,,,,,,,,,,,,,,,,,,,,,,,,,,,,,,,,,,,,,,,,,,,,,,,7,"The manager and algorithm are using data based on Chris' availability and when the coffee shop needs staff to be present. So if Chris is available in the morning when there is work to be done, it's very fair for his shifts to be scheduled then.",7,6,4,1,1,1,"Chris will probably be happy to get a shift when he is available so that he doesn't have scheduling conflicts and he knows he'll be busy during his shift, not sitting around bored waiting for customers.",6,"The algorithm monitors the amount of customers which is probably better done by a computer than just people guessing based on how busy it felt. Then it also has a human touch of the manager inputting details about when employees are actually available, based on what they've told him. So the scheduling should take both of these into consideration and come up with some good results.",1,,,,,,,,,,,,,,,,,,,,,,,,,1,34,1,8,1,4,2,,
7/12/17 15:47,7/12/17 15:52,0,24.30.25.53,100,316,1,7/12/17 15:52,R_8vRD4NxchN5yR4B,,,,,33.85949707,-84.68379974,anonymous,EN,A21Q7FCKM86VL8,"1,2",3,6,,,,,,,,,,,,,,,,,,,,,,,,,,,,,,,,,,,,,,,,,,,,,,,,,1,,,,,,,,,,,,,3,Because Chris might have personal matter to attend to that the algorithm is clueless about. ,4,4,4,4,4,5,Chris might feel frustration in not being confided in the decision making process. ,2,"The algorithm can't determine who has a doctor's appointment, needs to take kids to school, who can't work on Tuesdays because that is the day they want off, etc. ",1,,,,,,,,,,,,,,,,,,,,,,,,,Algorithms are logic programs that make decisions with no human interaction. ,,,,,,,,,,,,,,,,,,,,,,,,,,,,,,,,,,,,,,,,,,,,,,,,,,,,,,,,,,,,,,,,,,,,,,,,,,,,,,,,,,,,,,,,,,,,,,,,,,,,,,,,,,,,,,,,,,,,,,,,,,,,,,,,,,,,,,,,,,,,,,,,,,2,41,2,5,2,1,2,,